X;13,0;13,1;13,2;13,3;13,4;13,5;13,6;13,7;13,8;13,9;14,0;14,1;14,2;14,3;14,4;14,5;14,6;14,7;14,8;14,9;15,0;15,1;15,2;15,3;15,4;15,5;15,6;15,7;15,8;15,9;16,0;16,1;16,2;16,3;16,4;16,5;16,6;16,7;16,8;16,9;17,0;17,1;17,2;17,3;17,4;17,5;17,6;17,7;17,8;17,9;18,0;18,1;18,2;18,3;18,4;18,5;18,6;18,7;18,8;18,9;19,0;19,1;19,2;19,3;19,4;19,5;19,6;19,7;19,8;19,9;20,0;20,1;20,2;20,3;20,4;20,5;20,6;20,7;20,8;20,9;21,0;21,1;21,2;21,3;21,4;21,5;21,6;21,7;21,8;21,9;22,0;22,1;22,2;22,3;22,4;22,5;22,6;22,7;22,8;22,9;23,0
0;0,00;0,00;0,00;0,00;0,00;0,00;0,00;0,00;0,00;0,00;0,00;0,00;0,00;0,00;0,00;0,00;0,00;0,00;0,00;0,00;0,00;0,00;0,00;0,00;0,00;0,00;0,00;0,00;0,00;0,00;0,00;0,00;0,00;0,00;0,00;0,00;0,00;0,00;0,00;0,00;0,00;0,00;0,00;0,00;0,00;0,00;0,00;0,00;0,00;0,00;0,00;0,00;0,00;0,00;0,00;0,00;0,00;0,00;0,00;0,00;0,00;0,00;0,00;0,00;0,00;0,00;0,00;0,00;0,00;0,00;0,00;0,00;0,00;0,00;0,00;0,00;0,00;0,00;0,00;0,00;0,00;0,00;0,00;0,00;0,00;0,00;0,00;0,00;0,00;0,00;0,00;0,00;0,00;0,00;0,00;0,00;0,00;0,00;0,00;0,00;0,00
1;112,28;111,09;109,87;108,61;107,33;106,01;104,65;103,27;101,85;100,40;98,91;97,39;95,84;94,26;92,64;90,99;89,30;87,59;85,84;84,06;82,24;80,53;78,82;77,10;75,37;73,64;71,89;70,14;68,39;66,62;64,85;63,38;61,96;60,59;59,27;58,00;56,78;55,60;54,48;53,41;52,38;51,32;50,30;49,31;48,35;47,43;46,54;45,69;44,87;44,08;43,33;42,76;42,25;41,80;41,41;41,08;40,81;40,61;40,46;40,37;40,35;40,14;39,94;39,76;39,60;39,46;39,33;39,22;39,12;39,04;38,98;38,91;38,86;38,82;38,80;38,79;38,79;38,81;38,84;38,88;38,94;38,73;38,49;38,22;37,91;37,56;37,18;36,76;36,30;35,81;35,29;34,94;34,60;34,26;33,92;33,59;33,26;32,94;32,62;32,30;31,99
2;119,65;118,41;117,13;115,83;114,49;113,12;111,73;110,30;108,84;107,34;105,82;104,27;102,68;101,06;99,42;97,74;96,03;94,29;92,52;90,71;88,88;87,15;85,42;83,67;81,92;80,17;78,41;76,64;74,87;73,09;71,30;69,81;68,36;66,97;65,62;64,33;63,08;61,87;60,72;59,62;58,56;57,48;56,43;55,41;54,43;53,48;52,57;51,69;50,85;50,04;49,27;48,66;48,12;47,63;47,21;46,84;46,53;46,28;46,09;45,96;45,89;45,64;45,41;45,20;45,00;44,82;44,65;44,50;44,37;44,25;44,15;44,05;43,97;43,90;43,84;43,79;43,76;43,74;43,74;43,75;43,77;43,55;43,29;42,99;42,66;42,30;41,90;41,47;41,01;40,51;39,97;39,61;39,26;38,91;38,56;38,22;37,88;37,55;37,22;36,89;36,57
3;127,03;125,73;124,40;123,05;121,66;120,24;118,80;117,33;115,82;114,29;112,73;111,14;109,52;107,87;106,20;104,49;102,75;100,99;99,19;97,37;95,52;93,77;92,01;90,25;88,48;86,71;84,93;83,14;81,35;79,55;77,75;76,23;74,77;73,35;71,97;70,65;69,37;68,14;66,96;65,83;64,74;63,63;62,55;61,51;60,51;59,54;58,60;57,70;56,83;56,00;55,20;54,56;53,99;53,47;53,00;52,60;52,25;51,96;51,73;51,56;51,44;51,15;50,89;50,63;50,40;50,18;49,98;49,79;49,62;49,47;49,33;49,19;49,07;48,97;48,87;48,80;48,73;48,68;48,64;48,62;48,61;48,36;48,08;47,76;47,42;47,04;46,63;46,18;45,71;45,20;44,66;44,29;43,92;43,56;43,21;42,85;42,51;42,16;41,82;41,49;41,16
4;134,41;133,05;131,67;130,26;128,83;127,36;125,87;124,36;122,81;121,24;119,64;118,01;116,36;114,68;112,97;111,24;109,48;107,69;105,87;104,03;102,16;100,39;98,61;96,82;95,03;93,24;91,44;89,64;87,83;86,02;84,20;82,66;81,17;79,72;78,33;76,98;75,67;74,41;73,20;72,04;70,92;69,78;68,68;67,62;66,59;65,59;64,63;63,70;62,81;61,95;61,13;60,46;59,85;59,30;58,80;58,35;57,97;57,64;57,37;57,15;56,99;56,67;56,36;56,07;55,80;55,54;55,30;55,08;54,87;54,68;54,51;54,34;54,18;54,04;53,91;53,80;53,70;53,62;53,55;53,49;53,45;53,17;52,87;52,54;52,17;51,78;51,35;50,90;50,41;49,89;49,35;48,97;48,59;48,22;47,85;47,49;47,13;46,78;46,43;46,09;45,75
5;141,79;140,38;138,94;137,48;135,99;134,48;132,95;131,39;129,80;128,19;126,55;124,89;123,20;121,49;119,75;117,99;116,20;114,39;112,55;110,69;108,80;107,00;105,20;103,40;101,59;99,78;97,96;96,14;94,31;92,48;90,65;89,09;87,57;86,10;84,68;83,30;81,97;80,68;79,44;78,25;77,10;75,94;74,81;73,72;72,66;71,64;70,66;69,70;68,79;67,91;67,06;66,36;65,72;65,13;64,59;64,11;63,69;63,32;63,00;62,74;62,54;62,18;61,83;61,51;61,20;60,90;60,63;60,37;60,12;59,90;59,69;59,48;59,29;59,12;58,95;58,81;58,67;58,56;58,45;58,36;58,29;57,99;57,67;57,31;56,93;56,52;56,08;55,61;55,12;54,59;54,04;53,64;53,25;52,87;52,49;52,12;51,75;51,39;51,03;50,68;50,34
6;149,17;147,70;146,21;144,70;143,16;141,60;140,02;138,42;136,79;135,13;133,46;131,76;130,04;128,30;126,53;124,74;122,93;121,09;119,23;117,35;115,44;113,62;111,80;109,97;108,14;106,31;104,47;102,64;100,79;98,95;97,10;95,51;93,97;92,48;91,03;89,63;88,27;86,95;85,68;84,46;83,28;82,09;80,94;79,82;78,74;77,69;76,68;75,71;74,77;73,86;72,99;72,26;71,58;70,96;70,38;69,87;69,40;68,99;68,64;68,34;68,09;67,69;67,31;66,95;66,60;66,27;65,95;65,66;65,38;65,11;64,87;64,63;64,40;64,19;63,99;63,81;63,65;63,49;63,36;63,24;63,13;62,81;62,46;62,09;61,69;61,26;60,81;60,33;59,82;59,29;58,73;58,32;57,92;57,52;57,14;56,75;56,38;56,00;55,64;55,28;54,93
7;156,55;155,03;153,48;151,92;150,33;148,72;147,10;145,45;143,77;142,08;140,37;138,64;136,88;135,10;133,31;131,49;129,65;127,79;125,91;124,00;122,08;120,24;118,39;116,55;114,70;112,85;110,99;109,13;107,28;105,41;103,55;101,94;100,38;98,86;97,38;95,95;94,56;93,22;91,92;90,67;89,46;88,25;87,07;85,93;84,82;83,75;82,71;81,71;80,74;79,81;78,92;78,16;77,44;76,78;76,18;75,62;75,12;74,67;74,28;73,93;73,64;73,20;72,79;72,38;72,00;71,63;71,28;70,95;70,63;70,33;70,05;69,77;69,51;69,27;69,04;68,82;68,62;68,43;68,26;68,11;67,97;67,63;67,26;66,86;66,45;66,00;65,54;65,04;64,53;63,99;63,42;63,00;62,59;62,18;61,78;61,39;61,00;60,62;60,25;59,88;59,52
8;163,93;162,35;160,75;159,14;157,50;155,84;154,17;152,48;150,76;149,03;147,28;145,51;143,72;141,91;140,08;138,24;136,37;134,49;132,58;130,66;128,72;126,86;124,99;123,12;121,25;119,38;117,51;115,63;113,76;111,88;110,00;108,37;106,78;105,23;103,73;102,28;100,86;99,49;98,16;96,88;95,64;94,40;93,20;92,03;90,90;89,80;88,74;87,71;86,72;85,77;84,85;84,05;83,31;82,61;81,97;81,38;80,84;80,35;79,91;79,53;79,19;78,72;78,26;77,83;77,40;77,00;76,61;76,24;75,89;75,55;75,23;74,92;74,62;74,34;74,08;73,83;73,60;73,38;73,17;72,98;72,81;72,44;72,05;71,64;71,21;70,75;70,27;69,76;69,23;68,68;68,11;67,68;67,26;66,84;66,43;66,02;65,63;65,24;64,86;64,48;64,11
9;171,32;169,68;168,03;166,36;164,67;162,97;161,24;159,51;157,75;155,98;154,19;152,38;150,56;148,72;146,86;144,99;143,10;141,19;139,26;137,32;135,36;133,47;131,58;129,70;127,81;125,92;124,02;122,13;120,24;118,34;116,45;114,79;113,18;111,61;110,08;108,60;107,16;105,76;104,40;103,09;101,82;100,55;99,32;98,13;96,97;95,85;94,76;93,71;92,70;91,72;90,77;89,95;89,17;88,44;87,76;87,13;86,56;86,03;85,55;85,12;84,75;84,24;83,74;83,27;82,81;82,37;81,94;81,54;81,15;80,77;80,42;80,07;79,74;79,42;79,12;78,84;78,57;78,32;78,08;77,86;77,66;77,26;76,85;76,42;75,97;75,49;75,00;74,48;73,94;73,38;72,81;72,36;71,93;71,50;71,08;70,66;70,26;69,86;69,47;69,08;68,71
10;178,70;177,01;175,30;173,58;171,84;170,09;168,32;166,54;164,74;162,93;161,10;159,26;157,40;155,53;153,64;151,74;149,82;147,89;145,94;143,98;142,00;140,09;138,18;136,27;134,36;132,45;130,54;128,63;126,72;124,81;122,90;121,22;119,58;117,99;116,44;114,93;113,46;112,03;110,64;109,30;108,00;106,71;105,45;104,23;103,05;101,90;100,79;99,71;98,67;97,67;96,70;95,84;95,03;94,27;93,55;92,89;92,27;91,71;91,19;90,72;90,30;89,75;89,22;88,71;88,22;87,74;87,28;86,83;86,40;85,99;85,60;85,22;84,85;84,50;84,17;83,85;83,55;83,26;82,99;82,74;82,50;82,09;81,65;81,20;80,73;80,24;79,73;79,20;78,65;78,09;77,50;77,04;76,60;76,16;75,72;75,30;74,88;74,48;74,08;73,68;73,30
11;186,09;184,34;182,57;180,80;179,01;177,21;175,40;173,57;171,73;169,88;168,01;166,13;164,24;162,33;160,42;158,49;156,54;154,59;152,62;150,64;148,64;146,71;144,78;142,84;140,91;138,99;137,06;135,13;133,20;131,28;129,35;127,65;125,99;124,37;122,79;121,25;119,75;118,30;116,88;115,51;114,18;112,86;111,58;110,33;109,12;107,95;106,81;105,71;104,65;103,62;102,62;101,73;100,89;100,09;99,34;98,64;97,99;97,38;96,83;96,32;95,86;95,27;94,71;94,16;93,62;93,11;92,61;92,13;91,66;91,22;90,79;90,37;89,97;89,58;89,21;88,86;88,53;88,21;87,90;87,62;87,35;86,91;86,45;85,98;85,49;84,98;84,46;83,92;83,36;82,79;82,20;81,73;81,27;80,82;80,37;79,94;79,51;79,10;78,69;78,29;77,90
12;193,47;191,67;189,85;188,02;186,18;184,33;182,47;180,60;178,72;176,82;174,92;173,00;171,08;169,14;167,19;165,24;163,27;161,29;159,30;157,29;155,28;153,32;151,37;149,42;147,47;145,52;143,57;141,63;139,68;137,74;135,80;134,07;132,39;130,74;129,14;127,58;126,05;124,57;123,12;121,72;120,36;119,02;117,71;116,44;115,20;114,00;112,84;111,71;110,62;109,57;108,55;107,62;106,75;105,92;105,13;104,40;103,71;103,06;102,47;101,92;101,41;100,79;100,19;99,60;99,03;98,48;97,94;97,43;96,92;96,44;95,97;95,52;95,08;94,66;94,26;93,87;93,50;93,15;92,82;92,50;92,19;91,73;91,25;90,76;90,25;89,73;89,19;88,64;88,07;87,49;86,89;86,41;85,94;85,48;85,02;84,58;84,14;83,72;83,30;82,89;82,49
13;200,86;199,00;197,12;195,24;193,35;191,45;189,55;187,63;185,71;183,77;181,83;179,88;177,92;175,95;173,97;171,99;169,99;167,99;165,97;163,95;161,92;159,94;157,97;155,99;154,02;152,06;150,09;148,13;146,16;144,21;142,25;140,50;138,79;137,12;135,49;133,90;132,35;130,84;129,37;127,93;126,54;125,17;123,83;122,54;121,28;120,05;118,86;117,71;116,59;115,51;114,47;113,51;112,60;111,74;110,92;110,15;109,42;108,74;108,10;107,51;106,97;106,31;105,67;105,05;104,44;103,85;103,28;102,72;102,19;101,66;101,16;100,67;100,20;99,75;99,31;98,89;98,48;98,10;97,73;97,38;97,04;96,55;96,06;95,54;95,02;94,48;93,93;93,36;92,79;92,19;91,59;91,10;90,61;90,14;89,68;89,22;88,78;88,34;87,91;87,50;87,09
14;208,25;206,33;204,40;202,47;200,53;198,58;196,62;194,66;192,70;190,72;188,74;186,75;184,76;182,76;180,75;178,73;176,71;174,68;172,65;170,61;168,56;166,56;164,56;162,57;160,58;158,59;156,61;154,62;152,65;150,67;148,70;146,93;145,19;143,50;141,84;140,23;138,65;137,11;135,61;134,14;132,72;131,32;129,96;128,64;127,35;126,10;124,88;123,71;122,57;121,46;120,39;119,40;118,46;117,56;116,71;115,90;115,14;114,42;113,74;113,11;112,53;111,83;111,16;110,50;109,85;109,23;108,62;108,03;107,45;106,89;106,35;105,82;105,32;104,83;104,36;103,90;103,47;103,05;102,64;102,26;101,89;101,38;100,86;100,33;99,78;99,23;98,66;98,09;97,50;96,90;96,29;95,78;95,29;94,80;94,33;93,86;93,41;92,96;92,53;92,10;91,69
15;215,64;213,66;211,68;209,69;207,70;205,70;203,70;201,69;199,68;197,67;195,65;193,63;191,60;189,56;187,53;185,48;183,44;181,38;179,33;177,27;175,20;173,18;171,16;169,14;167,13;165,13;163,12;161,12;159,13;157,14;155,15;153,35;151,60;149,88;148,19;146,55;144,94;143,38;141,85;140,35;138,90;137,48;136,09;134,74;133,43;132,15;130,91;129,70;128,54;127,41;126,31;125,29;124,32;123,39;122,50;121,65;120,85;120,10;119,38;118,71;118,09;117,36;116,64;115,95;115,27;114,60;113,96;113,33;112,71;112,12;111,54;110,98;110,44;109,91;109,41;108,92;108,45;107,99;107,56;107,14;106,74;106,21;105,66;105,11;104,55;103,98;103,40;102,81;102,21;101,61;100,99;100,47;99,96;99,47;98,98;98,51;98,04;97,59;97,14;96,71;96,29
16;223,03;220,99;218,95;216,91;214,87;212,83;210,78;208,73;206,67;204,62;202,56;200,50;198,44;196,37;194,30;192,23;190,16;188,08;186,00;183,92;181,84;179,79;177,75;175,72;173,69;171,66;169,64;167,62;165,61;163,60;161,60;159,78;158,00;156,25;154,55;152,88;151,24;149,65;148,09;146,56;145,08;143,63;142,22;140,84;139,50;138,20;136,93;135,70;134,51;133,35;132,23;131,18;130,17;129,21;128,29;127,41;126,57;125,78;125,02;124,31;123,65;122,88;122,13;121,40;120,68;119,98;119,30;118,63;117,98;117,35;116,73;116,13;115,56;115,00;114,46;113,94;113,43;112,94;112,47;112,02;111,59;111,03;110,47;109,90;109,32;108,73;108,14;107,54;106,93;106,31;105,69;105,16;104,64;104,13;103,64;103,15;102,68;102,21;101,76;101,32;100,89
17;230,42;228,33;226,23;224,14;222,04;219,95;217,85;215,76;213,66;211,57;209,47;207,37;205,28;203,18;201,08;198,98;196,88;194,78;192,68;190,58;188,48;186,41;184,35;182,29;180,24;178,20;176,15;174,12;172,09;170,07;168,05;166,21;164,40;162,63;160,90;159,20;157,54;155,91;154,33;152,78;151,26;149,78;148,34;146,94;145,57;144,25;142,95;141,70;140,48;139,30;138,15;137,07;136,03;135,03;134,07;133,16;132,29;131,45;130,66;129,92;129,21;128,41;127,62;126,85;126,10;125,36;124,64;123,93;123,25;122,57;121,92;121,29;120,68;120,09;119,51;118,95;118,41;117,89;117,39;116,91;116,44;115,86;115,28;114,68;114,09;113,49;112,88;112,26;111,65;111,02;110,39;109,85;109,32;108,80;108,29;107,80;107,31;106,84;106,38;105,93;105,49
18;237,81;235,66;233,51;231,36;229,22;227,07;224,93;222,79;220,65;218,52;216,38;214,25;212,11;209,98;207,86;205,73;203,60;201,48;199,36;197,24;195,12;193,03;190,94;188,87;186,80;184,73;182,67;180,62;178,57;176,53;174,50;172,63;170,80;169,01;167,25;165,53;163,84;162,18;160,57;158,99;157,44;155,94;154,47;153,04;151,65;150,29;148,97;147,69;146,45;145,24;144,07;142,95;141,88;140,85;139,86;138,91;138,00;137,13;136,31;135,52;134,77;133,93;133,11;132,30;131,51;130,74;129,98;129,24;128,51;127,80;127,11;126,45;125,80;125,17;124,56;123,97;123,40;122,84;122,31;121,79;121,29;120,69;120,08;119,47;118,86;118,24;117,62;116,99;116,36;115,73;115,09;114,54;114,00;113,47;112,95;112,44;111,95;111,47;111,00;110,54;110,09
19;245,21;243,00;240,79;238,59;236,39;234,20;232,01;229,82;227,64;225,46;223,29;221,12;218,95;216,79;214,63;212,48;210,33;208,18;206,04;203,90;201,76;199,65;197,54;195,44;193,35;191,27;189,19;187,12;185,05;183,00;180,95;179,06;177,21;175,39;173,60;171,85;170,13;168,45;166,81;165,20;163,62;162,09;160,60;159,14;157,72;156,34;155,00;153,69;152,42;151,18;149,98;148,84;147,74;146,67;145,65;144,66;143,72;142,81;141,95;141,12;140,34;139,46;138,60;137,76;136,93;136,12;135,32;134,54;133,78;133,04;132,31;131,61;130,92;130,26;129,62;128,99;128,39;127,80;127,23;126,68;126,15;125,52;124,89;124,26;123,63;122,99;122,36;121,72;121,08;120,44;119,80;119,23;118,68;118,13;117,61;117,09;116,59;116,09;115,62;115,15;114,70
20;252,60;250,33;248,07;245,82;243,57;241,33;239,09;236,86;234,63;232,41;230,20;227,99;225,79;223,60;221,41;219,23;217,05;214,88;212,71;210,55;208,40;206,26;204,14;202,02;199,90;197,80;195,70;193,62;191,54;189,46;187,40;185,49;183,61;181,76;179,95;178,18;176,43;174,72;173,05;171,41;169,80;168,24;166,72;165,24;163,80;162,39;161,02;159,68;158,38;157,12;155,90;154,72;153,59;152,49;151,43;150,41;149,43;148,49;147,59;146,72;145,90;144,99;144,09;143,21;142,35;141,50;140,67;139,85;139,05;138,27;137,50;136,76;136,05;135,35;134,67;134,01;133,37;132,75;132,15;131,56;131,00;130,35;129,70;129,05;128,40;127,75;127,10;126,45;125,80;125,15;124,50;123,92;123,36;122,80;122,26;121,74;121,22;120,72;120,24;119,76;119,30
21;260,00;257,67;255,35;253,04;250,74;248,45;246,17;243,89;241,62;239,36;237,11;234,87;232,63;230,40;228,18;225,97;223,77;221,58;219,39;217,21;215,04;212,88;210,73;208,59;206,46;204,34;202,22;200,11;198,02;195,93;193,85;191,91;190,01;188,14;186,30;184,50;182,73;180,99;179,29;177,62;175,98;174,40;172,85;171,34;169,87;168,43;167,04;165,68;164,35;163,06;161,81;160,61;159,44;158,31;157,22;156,16;155,15;154,17;153,23;152,33;151,47;150,52;149,59;148,67;147,77;146,88;146,01;145,16;144,32;143,50;142,70;141,92;141,17;140,44;139,73;139,03;138,36;137,70;137,07;136,45;135,86;135,18;134,51;133,84;133,17;132,51;131,84;131,18;130,52;129,86;129,21;128,61;128,04;127,47;126,92;126,39;125,86;125,35;124,86;124,37;123,91
22;267,39;265,01;262,64;260,27;257,92;255,58;253,24;250,92;248,61;246,31;244,02;241,74;239,47;237,21;234,96;232,72;230,49;228,27;226,07;223,87;221,68;219,50;217,33;215,17;213,01;210,87;208,74;206,61;204,50;202,39;200,30;198,34;196,41;194,52;192,66;190,83;189,03;187,26;185,53;183,83;182,16;180,55;178,98;177,44;175,94;174,48;173,06;171,67;170,32;169,00;167,73;166,49;165,29;164,13;163,00;161,91;160,86;159,85;158,87;157,93;157,03;156,05;155,08;154,13;153,19;152,27;151,36;150,47;149,60;148,74;147,89;147,09;146,30;145,53;144,78;144,06;143,35;142,66;141,99;141,34;140,71;140,01;139,32;138,63;137,95;137,26;136,59;135,91;135,24;134,57;133,91;133,31;132,72;132,15;131,58;131,04;130,50;129,99;129,48;128,99;128,51
23;274,79;272,35;269,92;267,50;265,10;262,70;260,32;257,96;255,60;253,26;250,93;248,61;246,31;244,02;241,74;239,47;237,21;234,97;232,74;230,52;228,32;226,12;223,92;221,74;219,57;217,41;215,25;213,11;210,98;208,86;206,75;204,77;202,82;200,90;199,01;197,15;195,32;193,53;191,77;190,04;188,34;186,70;185,10;183,54;182,01;180,53;179,08;177,66;176,28;174,94;173,64;172,37;171,14;169,94;168,79;167,66;166,58;165,53;164,52;163,54;162,60;161,58;160,58;159,59;158,61;157,65;156,71;155,78;154,87;153,97;153,09;152,25;151,43;150,62;149,84;149,08;148,34;147,62;146,91;146,23;145,57;144,85;144,13;143,42;142,72;142,02;141,33;140,64;139,96;139,29;138,62;138,00;137,40;136,82;136,25;135,69;135,15;134,62;134,10;133,60;133,12
24;282,19;279,69;277,20;274,73;272,27;269,83;267,40;264,99;262,59;260,21;257,84;255,49;253,15;250,82;248,51;246,22;243,94;241,67;239,42;237,18;234,96;232,73;230,52;228,31;226,12;223,94;221,77;219,61;217,46;215,33;213,20;211,19;209,22;207,27;205,36;203,48;201,62;199,80;198,01;196,25;194,52;192,86;191,23;189,64;188,09;186,57;185,09;183,65;182,25;180,88;179,55;178,25;176,99;175,76;174,57;173,41;172,29;171,21;170,16;169,15;168,17;167,11;166,07;165,05;164,04;163,04;162,06;161,09;160,14;159,21;158,29;157,41;156,55;155,72;154,90;154,11;153,33;152,57;151,84;151,12;150,43;149,68;148,95;148,22;147,50;146,78;146,08;145,38;144,69;144,00;143,33;142,70;142,09;141,49;140,91;140,34;139,79;139,25;138,73;138,22;137,73
25;289,59;287,03;284,49;281,96;279,45;276,96;274,48;272,02;269,58;267,16;264,75;262,36;259,99;257,63;255,29;252,96;250,66;248,37;246,10;243,84;241,60;239,35;237,11;234,89;232,68;230,48;228,29;226,11;223,94;221,79;219,65;217,62;215,62;213,65;211,71;209,80;207,92;206,07;204,25;202,46;200,70;199,01;197,36;195,74;194,16;192,62;191,11;189,64;188,21;186,82;185,46;184,13;182,84;181,58;180,35;179,16;178,01;176,89;175,80;174,75;173,74;172,65;171,57;170,51;169,46;168,43;167,41;166,41;165,42;164,45;163,49;162,58;161,68;160,81;159,96;159,13;158,32;157,53;156,76;156,02;155,29;154,52;153,76;153,01;152,27;151,54;150,82;150,11;149,41;148,72;148,04;147,40;146,77;146,16;145,57;144,99;144,43;143,88;143,35;142,84;142,34
26;296,99;294,37;291,77;289,19;286,63;284,09;281,56;279,06;276,57;274,11;271,66;269,23;266,82;264,43;262,06;259,71;257,38;255,07;252,77;250,50;248,24;245,97;243,71;241,46;239,23;237,01;234,80;232,61;230,43;228,26;226,10;224,05;222,02;220,03;218,06;216,13;214,22;212,34;210,49;208,67;206,88;205,16;203,48;201,84;200,23;198,66;197,13;195,63;194,18;192,76;191,37;190,01;188,68;187,39;186,13;184,91;183,72;182,57;181,45;180,36;179,31;178,18;177,07;175,97;174,89;173,82;172,76;171,72;170,70;169,69;168,69;167,74;166,81;165,91;165,02;164,16;163,31;162,49;161,69;160,91;160,15;159,36;158,58;157,81;157,05;156,31;155,57;154,85;154,14;153,44;152,75;152,10;151,46;150,84;150,24;149,65;149,08;148,52;147,98;147,46;146,95
27;304,39;301,71;299,06;296,42;293,81;291,21;288,64;286,09;283,56;281,06;278,57;276,11;273,66;271,24;268,84;266,46;264,10;261,76;259,45;257,15;254,88;252,59;250,31;248,04;245,78;243,55;241,32;239,11;236,91;234,72;232,55;230,47;228,42;226,40;224,41;222,45;220,52;218,61;216,73;214,88;213,06;211,32;209,61;207,94;206,30;204,71;203,15;201,62;200,14;198,69;197,28;195,89;194,53;193,21;191,91;190,66;189,43;188,25;187,09;185,97;184,88;183,72;182,57;181,43;180,31;179,21;178,12;177,04;175,97;174,93;173,89;172,91;171,94;171,00;170,08;169,19;168,31;167,45;166,62;165,80;165,01;164,19;163,39;162,60;161,83;161,07;160,32;159,58;158,86;158,15;157,46;156,80;156,15;155,52;154,90;154,30;153,72;153,16;152,61;152,08;151,56
28;311,79;309,05;306,34;303,65;300,98;298,34;295,72;293,13;290,55;288,01;285,48;282,98;280,50;278,05;275,61;273,21;270,82;268,46;266,12;263,81;261,52;259,20;256,90;254,61;252,34;250,08;247,84;245,60;243,39;241,19;239,00;236,90;234,83;232,78;230,76;228,78;226,81;224,88;222,97;221,09;219,24;217,47;215,73;214,04;212,37;210,75;209,16;207,61;206,10;204,63;203,19;201,77;200,38;199,02;197,70;196,41;195,15;193,92;192,73;191,58;190,45;189,25;188,07;186,90;185,74;184,60;183,47;182,36;181,25;180,17;179,09;178,07;177,08;176,10;175,15;174,21;173,30;172,41;171,54;170,70;169,87;169,03;168,21;167,40;166,61;165,83;165,07;164,32;163,59;162,87;162,17;161,50;160,84;160,19;159,57;158,96;158,37;157,79;157,24;156,70;156,17
29;319,20;316,40;313,63;310,88;308,16;305,47;302,80;300,16;297,55;294,95;292,39;289,85;287,34;284,85;282,39;279,95;277,54;275,16;272,80;270,47;268,16;265,82;263,50;261,19;258,89;256,62;254,35;252,10;249,87;247,65;245,45;243,33;241,23;239,16;237,12;235,10;233,11;231,15;229,21;227,30;225,42;223,62;221,86;220,13;218,45;216,79;215,18;213,60;212,06;210,56;209,09;207,64;206,22;204,83;203,48;202,15;200,86;199,60;198,38;197,19;196,03;194,79;193,57;192,37;191,17;189,99;188,83;187,67;186,53;185,41;184,30;183,24;182,21;181,20;180,21;179,24;178,30;177,38;176,47;175,59;174,74;173,87;173,03;172,20;171,39;170,60;169,82;169,06;168,32;167,59;166,89;166,20;165,53;164,87;164,24;163,62;163,02;162,43;161,87;161,32;160,79
30;326,60;323,74;320,92;318,12;315,34;312,60;309,88;307,20;304,54;301,90;299,30;296,72;294,18;291,66;289,16;286,70;284,26;281,86;279,48;277,12;274,80;272,44;270,09;267,76;265,45;263,15;260,87;258,60;256,35;254,12;251,90;249,75;247,63;245,54;243,47;241,43;239,41;237,42;235,45;233,51;231,60;229,77;227,98;226,23;224,52;222,84;221,20;219,59;218,02;216,49;215,00;213,52;212,06;210,64;209,26;207,90;206,58;205,28;204,02;202,80;201,60;200,33;199,08;197,83;196,60;195,39;194,18;192,99;191,82;190,65;189,50;188,41;187,34;186,30;185,28;184,27;183,30;182,34;181,40;180,49;179,60;178,71;177,85;177,00;176,17;175,36;174,57;173,80;173,05;172,31;171,60;170,90;170,22;169,55;168,90;168,27;167,66;167,07;166,50;165,94;165,40
31;334,05;331,14;328,25;325,40;322,57;319,78;317,01;314,28;311,57;308,89;306,25;303,63;301,05;298,49;295,96;293,47;291,00;288,56;286,15;283,78;281,43;279,04;276,67;274,32;271,98;269,66;267,36;265,07;262,80;260,55;258,32;256,15;254,00;251,88;249,78;247,71;245,67;243,65;241,66;239,69;237,75;235,89;234,08;232,30;230,56;228,85;227,18;225,55;223,96;222,40;220,88;219,37;217,89;216,44;215,02;213,63;212,27;210,95;209,66;208,39;207,16;205,86;204,57;203,29;202,03;200,78;199,54;198,31;197,09;195,89;194,70;193,58;192,47;191,39;190,34;189,30;188,29;187,30;186,33;185,38;184,46;183,55;182,66;181,79;180,95;180,12;179,32;178,53;177,77;177,03;176,30;175,59;174,90;174,22;173,56;172,92;172,30;171,70;171,12;170,56;170,01
32;341,51;338,54;335,59;332,69;329,81;326,96;324,15;321,36;318,61;315,89;313,20;310,55;307,92;305,33;302,77;300,24;297,74;295,27;292,83;290,43;288,06;285,64;283,24;280,87;278,51;276,16;273,84;271,54;269,25;266,98;264,73;262,53;260,36;258,21;256,09;254,00;251,93;249,88;247,86;245,86;243,89;242,01;240,17;238,36;236,59;234,86;233,17;231,51;229,89;228,31;226,76;225,22;223,71;222,23;220,78;219,36;217,97;216,61;215,29;213,99;212,73;211,39;210,07;208,75;207,45;206,16;204,89;203,62;202,37;201,13;199,90;198,74;197,60;196,49;195,40;194,33;193,28;192,26;191,26;190,28;189,32;188,39;187,48;186,59;185,72;184,88;184,06;183,26;182,49;181,74;181,01;180,28;179,58;178,89;178,22;177,57;176,94;176,33;175,74;175,17;174,62
33;348,98;345,95;342,95;339,98;337,05;334,16;331,29;328,46;325,66;322,90;320,17;317,47;314,80;312,17;309,57;307,01;304,48;301,98;299,51;297,08;294,68;292,24;289,82;287,41;285,03;282,66;280,32;277,99;275,69;273,40;271,13;268,91;266,72;264,54;262,40;260,27;258,17;256,10;254,05;252,02;250,02;248,12;246,25;244,42;242,62;240,86;239,14;237,46;235,81;234,20;232,63;231,06;229,52;228,01;226,53;225,08;223,66;222,27;220,92;219,59;218,29;216,92;215,56;214,21;212,88;211,55;210,24;208,94;207,65;206,37;205,10;203,91;202,73;201,59;200,46;199,36;198,28;197,22;196,18;195,17;194,18;193,22;192,29;191,38;190,50;189,64;188,80;187,99;187,21;186,45;185,71;184,97;184,26;183,56;182,88;182,22;181,58;180,97;180,37;179,79;179,23
34;356,45;353,36;350,31;347,29;344,31;341,36;338,44;335,56;332,72;329,91;327,14;324,40;321,69;319,02;316,39;313,78;311,22;308,69;306,19;303,73;301,30;298,83;296,38;293,96;291,55;289,16;286,79;284,45;282,12;279,82;277,53;275,29;273,06;270,87;268,69;266,54;264,42;262,31;260,24;258,18;256,15;254,22;252,32;250,46;248,64;246,86;245,11;243,40;241,73;240,10;238,50;236,90;235,33;233,79;232,28;230,80;229,35;227,93;226,54;225,18;223,85;222,45;221,05;219,67;218,30;216,94;215,59;214,25;212,92;211,61;210,30;209,07;207,86;206,68;205,52;204,38;203,27;202,18;201,11;200,06;199,04;198,06;197,10;196,18;195,27;194,40;193,55;192,72;191,93;191,16;190,41;189,66;188,93;188,22;187,54;186,87;186,22;185,60;184,99;184,40;183,84
35;363,94;360,79;357,68;354,61;351,57;348,57;345,61;342,68;339,79;336,93;334,11;331,33;328,58;325,87;323,20;320,56;317,96;315,40;312,87;310,38;307,93;305,43;302,95;300,50;298,06;295,65;293,26;290,90;288,55;286,23;283,93;281,65;279,41;277,18;274,98;272,81;270,65;268,52;266,42;264,33;262,28;260,32;258,39;256,51;254,66;252,85;251,08;249,34;247,65;245,99;244,36;242,73;241,14;239,57;238,03;236,52;235,04;233,59;232,17;230,77;229,41;227,97;226,55;225,13;223,72;222,33;220,94;219,56;218,20;216,84;215,50;214,24;212,99;211,78;210,58;209,41;208,26;207,14;206,03;204,96;203,90;202,89;201,92;200,97;200,05;199,15;198,29;197,45;196,64;195,86;195,11;194,35;193,61;192,89;192,19;191,52;190,86;190,23;189,61;189,02;188,45
36;371,43;368,23;365,06;361,93;358,84;355,79;352,78;349,80;346,86;343,96;341,10;338,27;335,48;332,73;330,02;327,35;324,71;322,11;319,55;317,03;314,54;312,02;309,51;307,03;304,57;302,14;299,73;297,34;294,97;292,63;290,31;288,02;285,74;283,49;281,27;279,06;276,88;274,73;272,59;270,48;268,39;266,41;264,46;262,55;260,67;258,84;257,04;255,28;253,55;251,87;250,22;248,56;246,94;245,34;243,77;242,23;240,72;239,24;237,79;236,37;234,97;233,50;232,04;230,59;229,15;227,71;226,29;224,88;223,48;222,08;220,70;219,40;218,13;216,87;215,64;214,44;213,26;212,10;210,96;209,85;208,76;207,73;206,73;205,76;204,82;203,91;203,03;202,18;201,36;200,57;199,81;199,04;198,29;197,56;196,85;196,16;195,50;194,86;194,23;193,64;193,06
37;378,94;375,67;372,45;369,27;366,13;363,02;359,96;356,93;353,94;350,99;348,09;345,22;342,39;339,60;336,85;334,13;331,46;328,83;326,23;323,68;321,16;318,60;316,07;313,56;311,08;308,62;306,19;303,78;301,39;299,03;296,69;294,37;292,07;289,80;287,54;285,31;283,11;280,92;278,76;276,62;274,50;272,49;270,52;268,58;266,68;264,82;262,99;261,21;259,46;257,75;256,07;254,39;252,73;251,11;249,51;247,94;246,40;244,89;243,41;241,95;240,53;239,03;237,53;236,05;234,57;233,10;231,64;230,19;228,75;227,32;225,90;224,57;223,26;221,97;220,71;219,47;218,25;217,06;215,89;214,74;213,62;212,57;211,54;210,55;209,60;208,67;207,77;206,91;206,08;205,28;204,51;203,72;202,96;202,22;201,50;200,81;200,13;199,48;198,86;198,25;197,67
38;386,45;383,13;379,85;376,61;373,42;370,26;367,14;364,07;361,03;358,04;355,08;352,17;349,30;346,47;343,67;340,92;338,21;335,54;332,91;330,32;327,78;325,19;322,63;320,09;317,58;315,10;312,64;310,21;307,80;305,42;303,07;300,72;298,40;296,09;293,81;291,56;289,32;287,11;284,92;282,75;280,61;278,57;276,57;274,61;272,68;270,79;268,94;267,13;265,36;263,62;261,92;260,21;258,53;256,87;255,24;253,65;252,08;250,54;249,03;247,54;246,09;244,55;243,02;241,50;239,99;238,49;236,99;235,51;234,03;232,56;231,10;229,73;228,39;227,07;225,77;224,49;223,24;222,02;220,81;219,64;218,48;217,40;216,36;215,35;214,37;213,43;212,52;211,64;210,79;209,98;209,21;208,41;207,63;206,88;206,16;205,45;204,77;204,11;203,48;202,87;202,28
39;393,97;390,59;387,26;383,97;380,72;377,51;374,34;371,21;368,13;365,09;362,09;359,13;356,21;353,34;350,51;347,72;344,97;342,26;339,59;336,97;334,39;331,77;329,18;326,61;324,08;321,57;319,09;316,63;314,21;311,81;309,44;307,06;304,71;302,38;300,08;297,79;295,53;293,29;291,08;288,88;286,71;284,64;282,62;280,63;278,67;276,76;274,89;273,05;271,25;269,49;267,76;266,02;264,31;262,63;260,98;259,35;257,75;256,18;254,64;253,13;251,64;250,08;248,51;246,96;245,41;243,88;242,34;240,82;239,31;237,80;236,30;234,90;233,52;232,16;230,83;229,52;228,24;226,98;225,74;224,53;223,34;222,24;221,17;220,14;219,14;218,18;217,26;216,37;215,51;214,69;213,90;213,09;212,31;211,55;210,81;210,09;209,41;208,74;208,10;207,48;206,89
40;401,50;398,07;394,68;391,33;388,02;384,76;381,54;378,37;375,24;372,15;369,10;366,10;363,14;360,22;357,34;354,51;351,72;348,98;346,28;343,62;341,00;338,35;335,73;333,14;330,57;328,04;325,53;323,06;320,61;318,19;315,80;313,40;311,02;308,67;306,34;304,03;301,74;299,47;297,22;295,00;292,80;290,71;288,66;286,64;284,66;282,73;280,82;278,96;277,14;275,35;273,60;271,83;270,10;268,39;266,70;265,05;263,42;261,83;260,26;258,71;257,20;255,60;254,00;252,42;250,84;249,26;247,70;246,14;244,58;243,04;241,50;240,06;238,65;237,26;235,89;234,55;233,23;231,94;230,67;229,42;228,20;227,07;225,98;224,93;223,92;222,94;222,00;221,09;220,22;219,39;218,60;217,78;216,98;216,21;215,46;214,74;214,04;213,37;212,72;212,10;211,50
41;413,76;410,23;406,74;403,30;399,90;396,55;393,24;389,98;386,76;383,59;380,46;377,37;374,33;371,34;368,38;365,48;362,61;359,80;357,02;354,29;351,61;348,89;346,20;343,55;340,92;338,33;335,76;333,23;330,73;328,26;325,81;323,36;320,92;318,51;316,12;313,75;311,41;309,08;306,78;304,50;302,25;300,10;298,00;295,93;293,90;291,91;289,96;288,05;286,18;284,34;282,55;280,73;278,95;277,20;275,47;273,77;272,11;270,47;268,86;267,28;265,72;264,09;262,45;260,83;259,21;257,61;256,01;254,41;252,83;251,25;249,68;248,20;246,75;245,32;243,91;242,53;241,17;239,83;238,52;237,23;235,96;234,79;233,67;232,58;231,53;230,51;229,53;228,60;227,69;226,83;226,01;225,16;224,33;223,54;222,77;222,02;221,31;220,61;219,95;219,31;218,70
42;426,88;423,25;419,66;416,12;412,62;409,17;405,77;402,41;399,10;395,83;392,61;389,44;386,31;383,23;380,19;377,20;374,26;371,36;368,51;365,70;362,94;360,15;357,39;354,67;351,97;349,31;346,68;344,09;341,52;338,99;336,49;333,97;331,47;328,99;326,54;324,11;321,70;319,32;316,96;314,62;312,30;310,10;307,94;305,81;303,73;301,68;299,68;297,71;295,79;293,90;292,05;290,19;288,36;286,56;284,79;283,05;281,34;279,65;278,00;276,38;274,79;273,11;271,44;269,78;268,13;266,49;264,85;263,23;261,61;260,00;258,40;256,89;255,39;253,92;252,47;251,05;249,64;248,26;246,90;245,56;244,24;243,04;241,87;240,74;239,65;238,60;237,58;236,60;235,67;234,77;233,90;233,02;232,17;231,35;230,55;229,79;229,05;228,34;227,65;227,00;226,37
43;440,88;437,13;433,43;429,78;426,18;422,63;419,12;415,66;412,24;408,88;405,56;402,29;399,07;395,89;392,77;389,69;386,65;383,67;380,73;377,84;375,00;372,13;369,29;366,49;363,72;360,99;358,28;355,62;352,98;350,39;347,82;345,23;342,66;340,12;337,60;335,10;332,63;330,17;327,74;325,34;322,96;320,69;318,47;316,28;314,14;312,04;309,97;307,95;305,97;304,02;302,12;300,21;298,32;296,47;294,65;292,87;291,11;289,38;287,69;286,02;284,39;282,67;280,97;279,27;277,58;275,90;274,24;272,58;270,93;269,30;267,67;266,11;264,58;263,06;261,57;260,10;258,65;257,22;255,81;254,42;253,06;251,81;250,60;249,42;248,29;247,19;246,14;245,12;244,14;243,20;242,29;241,38;240,50;239,65;238,82;238,03;237,27;236,54;235,83;235,16;234,51
44;455,74;451,87;448,06;444,29;440,58;436,91;433,29;429,72;426,20;422,73;419,31;415,93;412,61;409,34;406,11;402,93;399,80;396,72;393,69;390,71;387,78;384,82;381,90;379,02;376,17;373,35;370,57;367,83;365,12;362,45;359,81;357,15;354,50;351,88;349,29;346,72;344,17;341,65;339,15;336,67;334,22;331,89;329,60;327,35;325,14;322,97;320,84;318,76;316,71;314,71;312,75;310,78;308,84;306,94;305,07;303,23;301,43;299,65;297,91;296,21;294,53;292,77;291,03;289,29;287,57;285,86;284,16;282,47;280,79;279,13;277,48;275,88;274,30;272,74;271,21;269,69;268,19;266,71;265,25;263,82;262,40;261,10;259,84;258,62;257,44;256,30;255,20;254,14;253,11;252,12;251,18;250,23;249,31;248,43;247,58;246,76;245,97;245,21;244,48;243,79;243,13
45;471,46;467,47;463,54;459,65;455,81;452,03;448,29;444,60;440,97;437,38;433,85;430,37;426,93;423,55;420,22;416,94;413,71;410,53;407,40;404,32;401,29;398,24;395,22;392,25;389,31;386,41;383,54;380,72;377,93;375,18;372,46;369,71;366,99;364,29;361,62;358,97;356,34;353,74;351,17;348,61;346,09;343,68;341,32;339,00;336,72;334,48;332,29;330,14;328,03;325,96;323,94;321,91;319,92;317,96;316,04;314,15;312,29;310,47;308,68;306,93;305,21;303,41;301,63;299,86;298,10;296,35;294,62;292,90;291,20;289,50;287,82;286,19;284,57;282,96;281,38;279,82;278,27;276,74;275,23;273,74;272,26;270,92;269,61;268,34;267,12;265,92;264,77;263,66;262,58;261,55;260,55;259,56;258,61;257,69;256,81;255,96;255,14;254,36;253,61;252,89;252,21
46;488,06;483,94;479,87;475,85;471,88;467,97;464,11;460,30;456,55;452,84;449,19;445,59;442,04;438,54;435,10;431,70;428,36;425,07;421,84;418,65;415,52;412,37;409,26;406,18;403,15;400,16;397,20;394,28;391,41;388,57;385,77;382,94;380,13;377,34;374,58;371,85;369,14;366,46;363,80;361,17;358,56;356,08;353,64;351,24;348,89;346,58;344,32;342,09;339,92;337,78;335,69;333,60;331,55;329,53;327,55;325,61;323,70;321,83;319,99;318,19;316,43;314,59;312,77;310,96;309,16;307,38;305,62;303,87;302,14;300,42;298,72;297,04;295,37;293,72;292,09;290,48;288,88;287,30;285,74;284,19;282,66;281,26;279,90;278,58;277,30;276,06;274,85;273,69;272,56;271,47;270,42;269,39;268,40;267,44;266,53;265,64;264,80;263,99;263,21;262,47;261,77
47;505,52;501,26;497,05;492,90;488,80;484,75;480,76;476,82;472,93;469,10;465,32;461,60;457,93;454,31;450,74;447,23;443,77;440,37;437,02;433,72;430,48;427,22;424,00;420,83;417,69;414,60;411,54;408,53;405,56;402,63;399,74;396,81;393,91;391,03;388,18;385,36;382,56;379,79;377,05;374,33;371,64;369,07;366,55;364,08;361,65;359,26;356,92;354,62;352,37;350,16;348,00;345,85;343,73;341,65;339,62;337,62;335,65;333,73;331,85;330,00;328,19;326,31;324,44;322,59;320,76;318,95;317,15;315,38;313,62;311,87;310,15;308,43;306,72;305,02;303,34;301,68;300,03;298,39;296,77;295,17;293,58;292,13;290,71;289,34;288,00;286,70;285,44;284,22;283,03;281,88;280,77;279,70;278,67;277,68;276,72;275,81;274,93;274,09;273,28;272,52;271,79
48;523,84;519,44;515,09;510,79;506,55;502,36;498,23;494,15;490,13;486,16;482,25;478,40;474,59;470,85;467,16;463,52;459,94;456,41;452,94;449,52;446,16;442,79;439,46;436,17;432,93;429,73;426,57;423,45;420,38;417,35;414,37;411,34;408,34;405,37;402,42;399,50;396,61;393,75;390,91;388,10;385,32;382,67;380,06;377,50;374,99;372,52;370,10;367,72;365,39;363,11;360,87;358,65;356,47;354,33;352,23;350,17;348,15;346,18;344,24;342,34;340,49;338,56;336,65;334,77;332,90;331,05;329,23;327,42;325,64;323,87;322,12;320,36;318,60;316,86;315,13;313,42;311,71;310,02;308,34;306,68;305,02;303,52;302,05;300,62;299,22;297,86;296,54;295,26;294,01;292,80;291,62;290,51;289,43;288,40;287,40;286,45;285,54;284,66;283,83;283,04;282,29
49;543,04;538,48;533,97;529,53;525,14;520,80;516,52;512,30;508,14;504,03;499,98;495,98;492,04;488,16;484,34;480,57;476,85;473,20;469,60;466,05;462,57;459,07;455,63;452,22;448,86;445,55;442,28;439,06;435,88;432,74;429,65;426,52;423,42;420,34;417,29;414,27;411,28;408,32;405,39;402,48;399,61;396,86;394,17;391,52;388,92;386,36;383,86;381,40;378,99;376,62;374,31;372,01;369,76;367,56;365,39;363,27;361,20;359,17;357,18;355,23;353,32;351,35;349,40;347,48;345,58;343,70;341,84;340,00;338,19;336,41;334,64;332,83;331,03;329,24;327,46;325,69;323,93;322,18;320,44;318,72;317,00;315,43;313,90;312,41;310,95;309,53;308,15;306,80;305,48;304,21;302,97;301,80;300,68;299,60;298,56;297,57;296,62;295,72;294,86;294,04;293,26
50;563,10;558,38;553,72;549,11;544,56;540,08;535,64;531,27;526,96;522,70;518,50;514,36;510,28;506,25;502,28;498,38;494,52;490,73;487,00;483,32;479,70;476,08;472,50;468,98;465,50;462,06;458,68;455,34;452,04;448,80;445,60;442,36;439,14;435,96;432,80;429,68;426,58;423,52;420,48;417,48;414,50;411,66;408,87;406,13;403,43;400,79;398,19;395,65;393,15;390,70;388,30;385,93;383,61;381,34;379,11;376,93;374,79;372,70;370,65;368,65;366,70;364,68;362,69;360,73;358,79;356,87;354,99;353,13;351,29;349,48;347,70;345,84;344,00;342,16;340,32;338,50;336,68;334,88;333,08;331,28;329,50;327,87;326,28;324,72;323,20;321,71;320,26;318,84;317,46;316,11;314,80;313,58;312,41;311,29;310,21;309,17;308,19;307,25;306,35;305,50;304,70
51;570,59;565,80;561,08;556,41;551,80;547,25;542,75;538,32;533,94;529,62;525,36;521,16;517,01;512,93;508,90;504,93;501,02;497,17;493,37;489,64;485,96;482,28;478,65;475,06;471,52;468,04;464,59;461,20;457,85;454,55;451,30;448,01;444,74;441,51;438,31;435,15;432,01;428,91;425,84;422,79;419,78;416,91;414,10;411,33;408,61;405,95;403,33;400,77;398,26;395,80;393,39;391,00;388,66;386,37;384,12;381,92;379,76;377,65;375,58;373,56;371,59;369,55;367,55;365,57;363,61;361,68;359,78;357,91;356,06;354,24;352,44;350,58;348,73;346,88;345,05;343,23;341,41;339,61;337,81;336,03;334,25;332,62;331,03;329,47;327,94;326,46;325,00;323,58;322,19;320,84;319,52;318,30;317,12;315,98;314,89;313,85;312,85;311,89;310,98;310,12;309,30
52;576,50;571,66;566,88;562,16;557,50;552,90;548,35;543,86;539,43;535,06;530,75;526,50;522,30;518,16;514,09;510,06;506,10;502,20;498,35;494,56;490,83;487,10;483,42;479,78;476,20;472,66;469,16;465,72;462,32;458,97;455,67;452,34;449,04;445,77;442,53;439,33;436,16;433,03;429,92;426,85;423,82;420,93;418,09;415,30;412,57;409,90;407,28;404,71;402,19;399,73;397,32;394,92;392,57;390,26;388,00;385,78;383,61;381,48;379,40;377,37;375,38;373,33;371,31;369,32;367,35;365,41;363,50;361,61;359,75;357,92;356,11;354,25;352,40;350,56;348,74;346,92;345,12;343,33;341,55;339,78;338,02;336,40;334,82;333,27;331,75;330,26;328,81;327,40;326,02;324,67;323,36;322,13;320,95;319,81;318,71;317,65;316,64;315,68;314,75;313,87;313,03
53;580,83;575,95;571,13;566,37;561,67;557,03;552,44;547,91;543,44;539,03;534,67;530,38;526,14;521,96;517,84;513,77;509,77;505,82;501,93;498,10;494,32;490,55;486,82;483,14;479,51;475,93;472,39;468,90;465,46;462,07;458,72;455,35;452,02;448,72;445,45;442,22;439,03;435,87;432,74;429,65;426,60;423,69;420,85;418,05;415,32;412,64;410,02;407,45;404,94;402,49;400,09;397,69;395,33;393,01;390,74;388,52;386,34;384,20;382,11;380,06;378,06;376,01;373,98;371,98;370,00;368,05;366,13;364,24;362,37;360,53;358,71;356,86;355,02;353,19;351,38;349,59;347,80;346,04;344,28;342,54;340,82;339,22;337,65;336,11;334,61;333,14;331,70;330,30;328,94;327,60;326,30;325,08;323,90;322,75;321,65;320,59;319,57;318,60;317,66;316,76;315,91
54;583,58;578,68;573,83;569,04;564,31;559,64;555,02;550,46;545,96;541,51;537,13;532,80;528,53;524,31;520,16;516,06;512,02;508,03;504,11;500,24;496,43;492,62;488,85;485,14;481,47;477,85;474,27;470,75;467,27;463,83;460,45;457,05;453,69;450,37;447,08;443,83;440,61;437,44;434,30;431,19;428,12;425,22;422,37;419,58;416,85;414,17;411,56;409,01;406,51;404,08;401,70;399,30;396,94;394,62;392,35;390,13;387,94;385,80;383,71;381,65;379,64;377,58;375,55;373,55;371,57;369,61;367,69;365,79;363,91;362,07;360,25;358,41;356,58;354,78;352,99;351,22;349,47;347,73;346,02;344,32;342,64;341,06;339,51;338,00;336,53;335,08;333,67;332,29;330,95;329,64;328,36;327,14;325,97;324,83;323,73;322,66;321,64;320,65;319,71;318,80;317,93
55;584,76;579,84;574,98;570,17;565,42;560,73;556,09;551,51;546,99;542,52;538,11;533,76;529,47;525,23;521,05;516,92;512,85;508,84;504,89;500,99;497,15;493,31;489,52;485,77;482,07;478,42;474,81;471,25;467,74;464,27;460,85;457,43;454,05;450,71;447,41;444,14;440,92;437,73;434,58;431,47;428,40;425,50;422,65;419,87;417,16;414,50;411,91;409,37;406,90;404,50;402,15;399,76;397,41;395,10;392,83;390,61;388,43;386,29;384,19;382,14;380,12;378,07;376,03;374,03;372,05;370,09;368,16;366,26;364,39;362,54;360,71;358,89;357,09;355,31;353,56;351,82;350,11;348,42;346,75;345,10;343,47;341,93;340,42;338,94;337,50;336,09;334,71;333,36;332,05;330,77;329,52;328,32;327,16;326,02;324,93;323,87;322,84;321,85;320,89;319,97;319,09
56;584,36;579,44;574,57;569,76;565,00;560,30;555,65;551,06;546,53;542,05;537,63;533,26;528,95;524,70;520,50;516,36;512,27;508,24;504,27;500,35;496,49;492,63;488,81;485,04;481,31;477,64;474,00;470,42;466,87;463,38;459,93;456,50;453,10;449,75;446,44;443,17;439,94;436,75;433,60;430,49;427,42;424,53;421,71;418,94;416,25;413,62;411,05;408,55;406,12;403,75;401,44;399,06;396,73;394,43;392,18;389,97;387,79;385,66;383,57;381,52;379,50;377,45;375,42;373,42;371,44;369,49;367,56;365,66;363,78;361,93;360,11;358,31;356,54;354,80;353,08;351,39;349,73;348,09;346,48;344,90;343,34;341,84;340,37;338,94;337,53;336,16;334,83;333,52;332,25;331,01;329,80;328,62;327,47;326,35;325,26;324,20;323,18;322,18;321,22;320,29;319,39
57;582,39;577,47;572,61;567,80;563,05;558,35;553,70;549,11;544,58;540,10;535,67;531,30;526,99;522,73;518,52;514,37;510,28;506,24;502,25;498,32;494,44;490,56;486,73;482,94;479,20;475,50;471,85;468,24;464,68;461,16;457,68;454,24;450,84;447,49;444,17;440,90;437,68;434,49;431,35;428,25;425,20;422,32;419,52;416,79;414,12;411,53;409,00;406,54;404,15;401,82;399,57;397,22;394,91;392,63;390,39;388,20;386,04;383,91;381,83;379,79;377,78;375,74;373,72;371,72;369,75;367,80;365,88;363,98;362,11;360,26;358,43;356,67;354,94;353,24;351,57;349,94;348,33;346,75;345,21;343,70;342,22;340,77;339,36;337,97;336,62;335,30;334,02;332,76;331,54;330,35;329,18;328,03;326,90;325,80;324,72;323,67;322,65;321,65;320,69;319,74;318,83
58;578,84;573,94;569,09;564,30;559,56;554,88;550,24;545,67;541,14;536,67;532,25;527,89;523,58;519,32;515,11;510,96;506,87;502,82;498,83;494,90;491,01;487,13;483,28;479,49;475,73;472,02;468,35;464,73;461,14;457,61;454,11;450,67;447,27;443,92;440,61;437,35;434,13;430,96;427,83;424,75;421,72;418,87;416,10;413,41;410,78;408,23;405,74;403,33;401,00;398,73;396,54;394,22;391,94;389,69;387,48;385,30;383,16;381,05;378,99;376,95;374,96;372,93;370,92;368,93;366,97;365,03;363,12;361,23;359,36;357,51;355,69;353,97;352,28;350,63;349,02;347,45;345,91;344,41;342,94;341,51;340,12;338,74;337,39;336,06;334,77;333,51;332,28;331,09;329,92;328,78;327,68;326,56;325,45;324,37;323,31;322,27;321,26;320,26;319,29;318,34;317,41
59;573,71;568,84;564,02;559,26;554,55;549,89;545,28;540,72;536,22;531,76;527,36;523,01;518,71;514,47;510,27;506,13;502,04;498,00;494,02;490,08;486,20;482,31;478,47;474,66;470,90;467,19;463,51;459,87;456,28;452,73;449,22;445,78;442,39;439,05;435,75;432,51;429,31;426,16;423,05;419,99;416,98;414,18;411,45;408,80;406,22;403,72;401,29;398,94;396,67;394,47;392,35;390,07;387,82;385,61;383,42;381,28;379,16;377,08;375,03;373,01;371,03;369,02;367,03;365,06;363,11;361,18;359,28;357,40;355,54;353,70;351,88;350,20;348,57;346,98;345,43;343,93;342,46;341,05;339,67;338,34;337,05;335,74;334,45;333,20;331,98;330,79;329,62;328,49;327,39;326,32;325,28;324,20;323,13;322,07;321,03;320,01;319,00;318,01;317,04;316,08;315,14
60;567,00;562,18;557,40;552,68;548,00;543,38;538,80;534,28;529,80;525,38;521,00;516,68;512,40;508,18;504,00;499,88;495,80;491,78;487,80;483,88;480,00;476,12;472,28;468,48;464,72;461,00;457,32;453,68;450,08;446,52;443,00;439,58;436,20;432,88;429,60;426,38;423,20;420,08;417,00;413,98;411,00;408,24;405,56;402,96;400,44;398,00;395,64;393,36;391,16;389,04;387,00;384,77;382,56;380,39;378,24;376,12;374,04;371,98;369,96;367,96;366,00;364,01;362,04;360,09;358,16;356,25;354,36;352,49;350,64;348,81;347,00;345,37;343,80;342,27;340,80;339,37;338,00;336,67;335,40;334,17;333,00;331,76;330,56;329,38;328,24;327,12;326,04;324,98;323,96;322,96;322,00;320,95;319,92;318,89;317,88;316,87;315,88;314,89;313,92;312,95;312,00
61;571,74;566,87;562,05;557,29;552,57;547,91;543,29;538,73;534,22;529,75;525,34;520,98;516,67;512,41;508,20;504,05;499,94;495,88;491,88;487,92;484,02;480,11;476,24;472,41;468,63;464,88;461,18;457,51;453,89;450,30;446,76;443,31;439,92;436,58;433,28;430,04;426,85;423,71;420,62;417,58;414,59;411,81;409,10;406,48;403,93;401,46;399,07;396,76;394,52;392,37;390,29;388,03;385,80;383,60;381,44;379,30;377,19;375,12;373,08;371,06;369,08;367,08;365,09;363,13;361,19;359,26;357,36;355,48;353,63;351,79;349,97;348,33;346,75;345,21;343,72;342,28;340,90;339,56;338,27;337,03;335,84;334,59;333,37;332,18;331,02;329,88;328,78;327,71;326,66;325,65;324,66;323,60;322,56;321,52;320,49;319,48;318,47;317,48;316,50;315,52;314,56
62;577,27;572,35;567,49;562,68;557,91;553,20;548,54;543,94;539,38;534,88;530,43;526,03;521,68;517,38;513,14;508,95;504,81;500,72;496,68;492,69;488,76;484,82;480,93;477,07;473,26;469,49;465,76;462,07;458,42;454,82;451,25;447,79;444,37;441,01;437,69;434,43;431,22;428,07;424,96;421,91;418,90;416,09;413,35;410,69;408,11;405,60;403,17;400,81;398,53;396,33;394,20;391,91;389,65;387,42;385,23;383,07;380,94;378,84;376,77;374,74;372,74;370,71;368,71;366,73;364,77;362,84;360,92;359,03;357,17;355,32;353,50;351,84;350,23;348,68;347,17;345,71;344,29;342,93;341,62;340,35;339,14;337,86;336,61;335,39;334,20;333,04;331,91;330,81;329,74;328,69;327,68;326,60;325,53;324,48;323,44;322,41;321,40;320,39;319,40;318,42;317,46
63;583,59;578,62;573,70;568,84;564,02;559,26;554,56;549,90;545,30;540,75;536,26;531,82;527,43;523,09;518,81;514,58;510,40;506,28;502,21;498,19;494,23;490,26;486,33;482,45;478,61;474,82;471,06;467,35;463,68;460,06;456,47;452,99;449,55;446,16;442,83;439,55;436,32;433,15;430,02;426,95;423,93;421,08;418,30;415,60;412,97;410,42;407,93;405,52;403,19;400,93;398,74;396,41;394,11;391,85;389,62;387,42;385,26;383,14;381,05;378,99;376,96;374,92;372,89;370,90;368,92;366,97;365,04;363,14;361,26;359,41;357,57;355,89;354,26;352,67;351,13;349,64;348,20;346,80;345,45;344,14;342,88;341,57;340,29;339,03;337,81;336,61;335,44;334,30;333,18;332,10;331,04;329,94;328,85;327,78;326,72;325,68;324,65;323,64;322,64;321,65;320,68
64;590,71;585,67;580,70;575,77;570,90;566,09;561,33;556,62;551,97;547,37;542,83;538,34;533,91;529,53;525,21;520,94;516,73;512,57;508,47;504,42;500,42;496,42;492,47;488,56;484,69;480,87;477,09;473,36;469,67;466,03;462,43;458,92;455,46;452,05;448,70;445,40;442,15;438,95;435,81;432,72;429,68;426,78;423,96;421,21;418,53;415,91;413,37;410,90;408,49;406,16;403,90;401,52;399,18;396,87;394,61;392,37;390,18;388,02;385,90;383,81;381,76;379,69;377,65;375,63;373,63;371,66;369,72;367,80;365,91;364,04;362,20;360,49;358,82;357,20;355,62;354,09;352,60;351,15;349,75;348,40;347,08;345,73;344,40;343,09;341,82;340,57;339,36;338,17;337,00;335,87;334,76;333,63;332,52;331,42;330,34;329,28;328,24;327,21;326,20;325,21;324,24
65;598,61;593,51;588,47;583,48;578,55;573,68;568,86;564,10;559,39;554,74;550,15;545,61;541,14;536,71;532,35;528,04;523,78;519,59;515,45;511,36;507,34;503,31;499,33;495,39;491,50;487,65;483,85;480,10;476,39;472,73;469,11;465,58;462,10;458,67;455,29;451,97;448,70;445,48;442,31;439,20;436,14;433,20;430,32;427,51;424,77;422,09;419,48;416,93;414,45;412,03;409,68;407,24;404,85;402,50;400,19;397,92;395,68;393,49;391,33;389,21;387,14;385,04;382,96;380,92;378,90;376,91;374,95;373,02;371,11;369,24;367,39;365,64;363,93;362,26;360,64;359,05;357,51;356,00;354,54;353,12;351,74;350,32;348,94;347,58;346,25;344,94;343,67;342,42;341,20;340,00;338,84;337,67;336,52;335,40;334,29;333,21;332,15;331,12;330,10;329,11;328,14
66;607,31;602,13;597,02;591,96;586,97;582,03;577,15;572,33;567,56;562,86;558,21;553,62;549,10;544,63;540,22;535,86;531,57;527,33;523,16;519,04;514,98;510,92;506,91;502,94;499,03;495,16;491,34;487,56;483,84;480,16;476,53;472,97;469,47;466,01;462,61;459,27;455,97;452,73;449,54;446,40;443,32;440,32;437,39;434,52;431,70;428,95;426,26;423,62;421,05;418,53;416,08;413,59;411,14;408,73;406,37;404,05;401,77;399,54;397,34;395,19;393,08;390,95;388,85;386,78;384,74;382,72;380,74;378,79;376,87;374,98;373,12;371,33;369,57;367,85;366,17;364,52;362,91;361,34;359,81;358,31;356,84;355,36;353,91;352,49;351,09;349,72;348,37;347,05;345,76;344,50;343,26;342,05;340,87;339,71;338,58;337,48;336,40;335,35;334,33;333,33;332,36
67;616,79;611,54;606,35;601,22;596,15;591,14;586,20;581,31;576,48;571,72;567,02;562,38;557,80;553,28;548,82;544,42;540,08;535,81;531,59;527,44;523,35;519,26;515,21;511,22;507,28;503,39;499,54;495,75;492,01;488,32;484,67;481,09;477,57;474,09;470,66;467,29;463,97;460,70;457,49;454,32;451,21;448,16;445,16;442,22;439,32;436,49;433,70;430,97;428,29;425,67;423,10;420,54;418,03;415,57;413,15;410,77;408,45;406,17;403,93;401,75;399,60;397,44;395,30;393,20;391,13;389,10;387,09;385,12;383,19;381,28;379,41;377,57;375,76;373,98;372,23;370,51;368,83;367,17;365,55;363,96;362,40;360,85;359,32;357,82;356,34;354,89;353,47;352,07;350,70;349,36;348,04;346,79;345,56;344,37;343,21;342,08;340,98;339,92;338,89;337,89;336,92
68;627,07;621,73;616,46;611,25;606,11;601,02;596,00;591,05;586,16;581,33;576,57;571,87;567,23;562,66;558,15;553,71;549,33;545,01;540,76;536,57;532,44;528,32;524,24;520,22;516,26;512,34;508,48;504,67;500,91;497,21;493,55;489,95;486,39;482,89;479,44;476,04;472,70;469,40;466,16;462,96;459,82;456,71;453,64;450,61;447,63;444,70;441,82;438,98;436,19;433,44;430,74;428,11;425,53;423,00;420,52;418,09;415,71;413,38;411,10;408,87;406,70;404,49;402,32;400,19;398,09;396,02;394,00;392,01;390,06;388,14;386,26;384,35;382,48;380,63;378,81;377,01;375,24;373,49;371,78;370,08;368,42;366,77;365,16;363,57;362,01;360,47;358,96;357,47;356,02;354,58;353,18;351,87;350,59;349,36;348,17;347,01;345,89;344,82;343,78;342,78;341,82
69;638,14;632,71;627,35;622,06;616,83;611,67;606,57;601,54;596,58;591,69;586,86;582,10;577,41;572,78;568,22;563,73;559,30;554,94;550,64;546,42;542,26;538,10;534,00;529,95;525,96;522,02;518,14;514,31;510,54;506,82;503,16;499,53;495,95;492,42;488,95;485,52;482,15;478,82;475,55;472,33;469,15;465,97;462,82;459,70;456,63;453,60;450,60;447,65;444,73;441,85;439,01;436,30;433,64;431,04;428,49;426,00;423,56;421,18;418,85;416,58;414,36;412,11;409,90;407,73;405,60;403,51;401,46;399,45;397,48;395,55;393,65;391,69;389,74;387,82;385,91;384,02;382,16;380,31;378,48;376,67;374,88;373,14;371,43;369,75;368,09;366,45;364,84;363,26;361,70;360,17;358,66;357,29;355,97;354,69;353,46;352,28;351,14;350,04;349,00;348,00;347,04
70;650,00;644,48;639,02;633,64;628,32;623,08;617,90;612,80;607,76;602,80;597,90;593,08;588,32;583,64;579,02;574,48;570,00;565,60;561,26;557,00;552,80;548,61;544,48;540,40;536,38;532,43;528,52;524,68;520,90;517,17;513,50;509,85;506,24;502,69;499,18;495,73;492,32;488,97;485,66;482,41;479,20;475,94;472,70;469,50;466,32;463,18;460,06;456,98;453,92;450,90;447,90;445,10;442,36;439,68;437,06;434,50;432,00;429,56;427,18;424,86;422,60;420,31;418,06;415,85;413,68;411,56;409,48;407,45;405,46;403,51;401,60;399,57;397,54;395,53;393,54;391,55;389,58;387,61;385,66;383,73;381,80;379,96;378,14;376,35;374,58;372,84;371,12;369,43;367,76;366,12;364,50;363,07;361,69;360,36;359,09;357,87;356,71;355,60;354,55;353,55;352,60
71;659,40;653,76;648,18;642,69;637,26;631,91;626,63;621,43;616,30;611,24;606,26;601,34;596,51;591,74;587,05;582,43;577,89;573,42;569,02;564,70;560,45;556,19;552,00;547,86;543,78;539,77;535,81;531,91;528,07;524,29;520,57;516,86;513,21;509,61;506,07;502,57;499,13;495,74;492,40;489,11;485,87;482,56;479,28;476,03;472,80;469,61;466,44;463,30;460,19;457,11;454,06;451,22;448,43;445,71;443,05;440,44;437,90;435,43;433,01;430,65;428,35;426,02;423,74;421,50;419,30;417,15;415,04;412,98;410,96;408,98;407,05;404,98;402,92;400,87;398,84;396,81;394,80;392,79;390,80;388,82;386,85;384,97;383,11;381,28;379,47;377,69;375,94;374,21;372,50;370,82;369,16;367,70;366,30;364,95;363,66;362,42;361,24;360,12;359,05;358,04;357,09
72;669,00;663,23;657,53;651,91;646,37;640,90;635,52;630,20;624,97;619,81;614,73;609,73;604,80;599,95;595,18;590,49;585,87;581,33;576,86;572,47;568,16;563,84;559,58;555,37;551,23;547,15;543,12;539,16;535,26;531,42;527,64;523,88;520,18;516,53;512,94;509,40;505,92;502,48;499,11;495,78;492,52;489,16;485,83;482,53;479,26;476,02;472,81;469,62;466,46;463,34;460,24;457,35;454,52;451,75;449,05;446,41;443,83;441,31;438,85;436,46;434,12;431,76;429,44;427,16;424,93;422,75;420,61;418,51;416,46;414,46;412,50;410,39;408,30;406,22;404,14;402,08;400,03;397,99;395,96;393,94;391,93;390,01;388,12;386,26;384,42;382,60;380,81;379,04;377,30;375,59;373,90;372,42;370,99;369,62;368,31;367,05;365,86;364,72;363,64;362,62;361,66
73;678,80;672,89;667,06;661,31;655,64;650,05;644,55;639,12;633,78;628,51;623,33;618,23;613,21;608,27;603,41;598,63;593,93;589,31;584,78;580,32;575,95;571,55;567,21;562,93;558,71;554,56;550,47;546,43;542,46;538,56;534,71;530,90;527,14;523,44;519,80;516,21;512,68;509,21;505,80;502,44;499,13;495,73;492,36;489,02;485,71;482,42;479,16;475,94;472,74;469,57;466,42;463,49;460,63;457,82;455,07;452,39;449,77;447,21;444,72;442,28;439,91;437,51;435,15;432,84;430,58;428,36;426,18;424,06;421,97;419,93;417,94;415,80;413,68;411,56;409,45;407,36;405,27;403,20;401,14;399,09;397,04;395,10;393,17;391,28;389,40;387,56;385,74;383,94;382,17;380,43;378,71;377,20;375,76;374,37;373,04;371,77;370,56;369,40;368,31;367,28;366,30
74;688,80;682,74;676,77;670,88;665,08;659,36;653,73;648,18;642,72;637,34;632,05;626,84;621,72;616,68;611,73;606,86;602,08;597,38;592,77;588,24;583,80;579,31;574,89;570,54;566,24;562,01;557,84;553,73;549,69;545,70;541,78;537,91;534,10;530,34;526,65;523,01;519,43;515,92;512,46;509,06;505,72;502,28;498,87;495,48;492,13;488,80;485,51;482,24;479,01;475,80;472,62;469,65;466,75;463,90;461,12;458,40;455,74;453,14;450,60;448,13;445,72;443,28;440,88;438,54;436,23;433,98;431,77;429,60;427,48;425,41;423,38;421,21;419,05;416,91;414,77;412,64;410,53;408,43;406,34;404,26;402,19;400,21;398,26;396,34;394,44;392,57;390,72;388,90;387,11;385,34;383,60;382,07;380,60;379,20;377,85;376,56;375,33;374,17;373,06;372,01;371,02
75;699,00;692,79;686,66;680,63;674,68;668,83;663,06;657,38;651,80;646,30;640,89;635,57;630,34;625,20;620,15;615,18;610,31;605,53;600,83;596,23;591,71;587,14;582,64;578,19;573,81;569,50;565,24;561,05;556,93;552,86;548,86;544,92;541,05;537,23;533,48;529,79;526,16;522,60;519,10;515,66;512,29;508,80;505,35;501,92;498,53;495,17;491,84;488,54;485,28;482,04;478,84;475,83;472,89;470,00;467,18;464,42;461,72;459,08;456,51;453,99;451,54;449,06;446,63;444,24;441,90;439,61;437,36;435,16;433,00;430,89;428,82;426,62;424,43;422,25;420,09;417,94;415,80;413,67;411,55;409,45;407,36;405,36;403,39;401,44;399,52;397,63;395,76;393,92;392,11;390,32;388,56;387,02;385,53;384,10;382,74;381,44;380,19;379,01;377,89;376,83;375,82
76;709,40;703,02;696,74;690,55;684,45;678,45;672,54;666,73;661,01;655,38;649,85;644,41;639,07;633,82;628,66;623,60;618,63;613,75;608,97;604,29;599,70;595,03;590,43;585,90;581,43;577,02;572,68;568,40;564,18;560,03;555,94;551,93;547,99;544,11;540,30;536,56;532,88;529,26;525,72;522,24;518,82;515,30;511,80;508,34;504,92;501,52;498,16;494,84;491,55;488,29;485,06;482,02;479,04;476,12;473,26;470,46;467,72;465,04;462,43;459,87;457,38;454,86;452,39;449,96;447,58;445,25;442,96;440,72;438,52;436,37;434,26;432,03;429,81;427,61;425,42;423,24;421,08;418,93;416,79;414,67;412,57;410,55;408,56;406,59;404,65;402,74;400,86;399,00;397,18;395,37;393,60;392,04;390,54;389,09;387,71;386,39;385,13;383,94;382,80;381,72;380,70
77;720,00;713,45;706,99;700,64;694,39;688,23;682,17;676,21;670,35;664,59;658,93;653,37;647,90;642,54;637,27;632,10;627,03;622,06;617,19;612,42;607,75;602,98;598,29;593,65;589,08;584,58;580,14;575,77;571,45;567,21;563,03;558,94;554,93;550,98;547,11;543,30;539,57;535,90;532,31;528,79;525,33;521,77;518,23;514,74;511,28;507,86;504,48;501,13;497,82;494,54;491,30;488,23;485,21;482,26;479,36;476,52;473,75;471,03;468,37;465,77;463,23;460,67;458,16;455,70;453,27;450,90;448,57;446,28;444,04;441,85;439,70;437,44;435,19;432,96;430,75;428,55;426,37;424,20;422,05;419,92;417,80;415,77;413,76;411,78;409,83;407,91;406,01;404,15;402,31;400,50;398,71;397,14;395,62;394,16;392,77;391,43;390,16;388,94;387,79;386,69;385,66
78;730,80;724,07;717,43;710,91;704,48;698,17;691,95;685,84;679,83;673,93;668,13;662,44;656,85;651,36;645,98;640,70;635,52;630,45;625,49;620,62;615,86;611,00;606,19;601,46;596,78;592,18;587,63;583,16;578,74;574,40;570,12;565,95;561,86;557,84;553,90;550,04;546,24;542,52;538,88;535,31;531,82;528,21;524,64;521,11;517,63;514,18;510,78;507,41;504,08;500,80;497,56;494,45;491,40;488,41;485,48;482,60;479,79;477,03;474,33;471,69;469,10;466,51;463,95;461,44;458,98;456,56;454,19;451,86;449,57;447,33;445,14;442,84;440,57;438,32;436,08;433,87;431,67;429,49;427,33;425,19;423,07;421,02;419,01;417,02;415,06;413,12;411,22;409,35;407,50;405,69;403,90;402,31;400,78;399,31;397,90;396,55;395,26;394,03;392,86;391,75;390,70
79;741,80;734,87;728,06;721,35;714,75;708,26;701,88;695,61;689,45;683,40;677,46;671,62;665,90;660,28;654,78;649,38;644,10;638,92;633,85;628,90;624,05;619,07;614,15;609,31;604,52;599,81;595,16;590,57;586,05;581,60;577,21;572,96;568,79;564,70;560,68;556,75;552,90;549,12;545,43;541,81;538,27;534,62;531,02;527,47;523,95;520,49;517,06;513,69;510,35;507,06;503,82;500,69;497,61;494,58;491,62;488,70;485,85;483,05;480,31;477,62;474,99;472,35;469,76;467,20;464,70;462,23;459,81;457,43;455,10;452,81;450,57;448,25;445,95;443,68;441,42;439,19;436,98;434,80;432,63;430,49;428,37;426,32;424,29;422,29;420,33;418,39;416,49;414,61;412,76;410,95;409,16;407,56;406,02;404,54;403,12;401,75;400,45;399,20;398,01;396,88;395,81
80;753,00;745,87;738,86;731,96;725,18;718,51;711,96;705,52;699,20;692,99;686,90;680,92;675,06;669,31;663,68;658,16;652,76;647,47;642,30;637,24;632,30;627,20;622,17;617,21;612,31;607,48;602,71;598,01;593,37;588,80;584,30;579,96;575,71;571,54;567,45;563,45;559,53;555,70;551,95;548,28;544,70;541,02;537,38;533,80;530,26;526,78;523,34;519,96;516,62;513,34;510,10;506,94;503,83;500,77;497,77;494,82;491,93;489,09;486,31;483,58;480,90;478,22;475,58;472,98;470,42;467,91;465,44;463,02;460,64;458,30;456,00;453,65;451,33;449,04;446,77;444,52;442,31;440,12;437,95;435,81;433,70;431,64;429,61;427,61;425,65;423,71;421,81;419,93;418,09;416,28;414,50;412,89;411,34;409,85;408,42;407,04;405,72;404,45;403,24;402,09;401,00
81;764,55;757,30;750,17;743,16;736,25;729,46;722,78;716,21;709,76;703,42;697,20;691,08;685,08;679,20;673,42;667,76;662,22;656,78;651,46;646,25;641,16;635,94;630,80;625,73;620,73;615,81;610,95;606,16;601,45;596,80;592,23;587,80;583,45;579,19;575,01;570,92;566,91;562,98;559,14;555,38;551,70;547,95;544,25;540,60;537,01;533,47;529,99;526,56;523,19;519,87;516,61;513,39;510,23;507,13;504,07;501,08;498,13;495,24;492,40;489,62;486,89;484,16;481,47;478,83;476,24;473,68;471,17;468,71;466,29;463,91;461,58;459,19;456,84;454,51;452,21;449,93;447,68;445,46;443,27;441,10;438,96;436,87;434,81;432,79;430,80;428,84;426,92;425,02;423,16;421,33;419,53;417,90;416,33;414,82;413,37;411,97;410,63;409,35;408,13;406,96;405,86
82;776,32;768,97;761,73;754,60;747,57;740,66;733,86;727,16;720,58;714,11;707,75;701,50;695,35;689,32;683,40;677,59;671,89;666,29;660,81;655,44;650,18;644,85;639,59;634,41;629,31;624,29;619,34;614,47;609,68;604,96;600,32;595,79;591,35;586,99;582,71;578,51;574,40;570,37;566,43;562,56;558,78;554,96;551,19;547,48;543,83;540,23;536,70;533,23;529,81;526,46;523,16;519,90;516,68;513,52;510,42;507,37;504,37;501,42;498,53;495,69;492,91;490,13;487,40;484,71;482,07;479,48;476,93;474,42;471,96;469,55;467,18;464,76;462,37;460,00;457,66;455,36;453,07;450,82;448,59;446,39;444,22;442,11;440,03;437,98;435,96;433,98;432,03;430,11;428,23;426,38;424,56;422,91;421,33;419,80;418,32;416,91;415,56;414,26;413,02;411,84;410,72
83;788,33;780,87;773,52;766,28;759,15;752,12;745,19;738,37;731,66;725,05;718,55;712,16;705,87;699,69;693,61;687,64;681,77;676,01;670,36;664,81;659,37;653,91;648,54;643,25;638,04;632,92;627,88;622,92;618,05;613,27;608,56;603,93;599,38;594,92;590,53;586,23;582,01;577,87;573,82;569,84;565,95;562,04;558,20;554,42;550,71;547,06;543,47;539,95;536,49;533,10;529,77;526,45;523,18;519,97;516,80;513,70;510,64;507,64;504,69;501,80;498,96;496,13;493,35;490,62;487,94;485,30;482,71;480,16;477,66;475,21;472,81;470,35;467,92;465,52;463,14;460,80;458,48;456,20;453,94;451,71;449,50;447,36;445,25;443,18;441,13;439,13;437,15;435,21;433,31;431,44;429,60;427,93;426,32;424,77;423,28;421,85;420,48;419,17;417,91;416,72;415,58
84;800,56;793,01;785,56;778,22;770,97;763,83;756,78;749,84;743,00;736,25;729,61;723,07;716,63;710,29;704,05;697,91;691,87;685,93;680,09;674,36;668,72;663,13;657,64;652,23;646,92;641,70;636,57;631,53;626,58;621,73;616,96;612,22;607,57;602,99;598,49;594,08;589,74;585,49;581,31;577,21;573,20;569,20;565,28;561,43;557,65;553,94;550,30;546,73;543,23;539,80;536,44;533,05;529,73;526,45;523,23;520,06;516,95;513,89;510,88;507,93;505,03;502,16;499,33;496,55;493,82;491,14;488,51;485,92;483,39;480,90;478,46;475,96;473,49;471,06;468,65;466,26;463,91;461,59;459,30;457,03;454,80;452,62;450,48;448,38;446,31;444,28;442,28;440,32;438,39;436,50;434,64;432,95;431,32;429,76;428,25;426,80;425,41;424,08;422,81;421,60;420,44
85;813,01;805,38;797,84;790,40;783,05;775,79;768,63;761,56;754,59;747,71;740,93;734,23;727,64;721,13;714,72;708,41;702,18;696,06;690,02;684,08;678,24;672,52;666,90;661,37;655,95;650,63;645,41;640,28;635,26;630,34;625,51;620,67;615,90;611,20;606,59;602,05;597,59;593,21;588,90;584,68;580,53;576,44;572,44;568,51;564,66;560,89;557,19;553,56;550,02;546,54;543,15;539,71;536,32;532,98;529,70;526,47;523,30;520,18;517,11;514,10;511,14;508,21;505,34;502,51;499,74;497,01;494,34;491,71;489,14;486,61;484,14;481,60;479,09;476,62;474,17;471,75;469,36;467,00;464,67;462,37;460,10;457,90;455,73;453,60;451,50;449,44;447,42;445,43;443,48;441,57;439,69;437,98;436,33;434,74;433,21;431,75;430,34;428,99;427,70;426,48;425,31
86;825,70;817,99;810,36;802,83;795,38;788,02;780,74;773,55;766,44;759,42;752,49;745,65;738,89;732,21;725,63;719,13;712,71;706,39;700,14;693,99;687,92;682,06;676,31;670,67;665,14;659,71;654,40;649,19;644,09;639,10;634,22;629,26;624,37;619,56;614,82;610,15;605,56;601,04;596,60;592,23;587,94;583,76;579,67;575,66;571,74;567,89;564,13;560,45;556,86;553,35;549,92;546,41;542,96;539,56;536,21;532,92;529,68;526,50;523,37;520,29;517,27;514,29;511,37;508,50;505,67;502,90;500,19;497,52;494,91;492,35;489,84;487,26;484,71;482,20;479,71;477,25;474,82;472,43;470,06;467,72;465,42;463,18;460,98;458,82;456,70;454,61;452,56;450,55;448,58;446,64;444,74;443,01;441,34;439,73;438,18;436,70;435,27;433,91;432,61;431,36;430,18
87;838,61;830,83;823,13;815,50;807,96;800,49;793,10;785,79;778,55;771,39;764,31;757,31;750,38;743,54;736,77;730,07;723,46;716,92;710,46;704,07;697,77;691,77;685,88;680,12;674,47;668,94;663,53;658,24;653,07;648,02;643,08;638,00;632,99;628,05;623,18;618,38;613,65;608,99;604,40;599,88;595,43;591,16;586,97;582,88;578,88;574,96;571,14;567,40;563,76;560,20;556,73;553,16;549,64;546,18;542,77;539,41;536,11;532,86;529,66;526,52;523,44;520,40;517,43;514,50;511,64;508,82;506,06;503,36;500,71;498,11;495,57;492,95;490,36;487,80;485,27;482,78;480,31;477,87;475,47;473,09;470,74;468,47;466,24;464,05;461,90;459,79;457,71;455,67;453,68;451,72;449,80;448,04;446,35;444,72;443,16;441,65;440,21;438,83;437,51;436,25;435,06
88;851,74;843,90;836,13;828,43;820,79;813,22;805,72;798,29;790,92;783,62;776,39;769,22;762,13;755,10;748,14;741,24;734,41;727,65;720,96;714,34;707,78;701,63;695,61;689,72;683,96;678,32;672,82;667,45;662,20;657,09;652,10;646,89;641,75;636,68;631,67;626,73;621,85;617,04;612,30;607,62;603,00;598,63;594,35;590,17;586,08;582,09;578,20;574,41;570,71;567,11;563,60;559,96;556,37;552,84;549,36;545,94;542,57;539,25;535,99;532,78;529,63;526,54;523,51;520,54;517,62;514,77;511,96;509,22;506,53;503,90;501,32;498,66;496,03;493,43;490,86;488,32;485,81;483,33;480,89;478,47;476,08;473,78;471,52;469,30;467,11;464,97;462,87;460,81;458,78;456,80;454,86;453,08;451,37;449,72;448,13;446,61;445,15;443,75;442,42;441,14;439,94
89;865,11;857,22;849,38;841,60;833,88;826,21;818,60;811,04;803,54;796,10;788,72;781,39;774,11;766,90;759,74;752,63;745,59;738,59;731,66;724,78;717,96;711,66;705,49;699,47;693,59;687,86;682,26;676,80;671,48;666,31;661,27;655,94;650,66;645,45;640,30;635,21;630,18;625,21;620,30;615,45;610,66;606,18;601,80;597,52;593,35;589,28;585,32;581,47;577,71;574,07;570,53;566,81;563,15;559,55;556,00;552,51;549,07;545,68;542,35;539,07;535,85;532,71;529,63;526,60;523,64;520,73;517,89;515,10;512,37;509,71;507,10;504,39;501,72;499,07;496,46;493,88;491,33;488,81;486,32;483,86;481,44;479,10;476,80;474,55;472,33;470,16;468,03;465,94;463,90;461,89;459,93;458,13;456,39;454,72;453,12;451,57;450,09;448,68;447,33;446,04;444,82
90;878,70;870,76;862,87;855,02;847,21;839,45;831,73;824,06;816,43;808,84;801,30;793,80;786,35;778,94;771,57;764,25;756,97;749,74;742,55;735,40;728,30;721,84;715,54;709,38;703,38;697,54;691,84;686,30;680,92;675,68;670,60;665,13;659,72;654,36;649,06;643,81;638,62;633,48;628,40;623,37;618,40;613,80;609,32;604,94;600,68;596,54;592,50;588,58;584,78;581,08;577,50;573,71;569,98;566,30;562,68;559,11;555,60;552,14;548,74;545,39;542,10;538,90;535,76;532,69;529,68;526,72;523,84;521,01;518,24;515,54;512,90;510,15;507,43;504,74;502,09;499,46;496,87;494,30;491,77;489,27;486,80;484,43;482,10;479,81;477,56;475,36;473,20;471,09;469,02;466,99;465,00;463,18;461,42;459,73;458,10;456,54;455,04;453,61;452,24;450,94;449,70
91;891,33;883,34;875,40;867,49;859,63;851,80;844,01;836,26;828,55;820,88;813,25;805,65;798,10;790,58;783,10;775,66;768,26;760,90;753,58;746,29;739,05;732,47;726,05;719,78;713,66;707,69;701,88;696,22;690,72;685,36;680,17;674,58;669,05;663,57;658,15;652,78;647,46;642,21;637,00;631,85;626,76;622,06;617,47;613,00;608,64;604,41;600,28;596,28;592,38;588,61;584,95;581,08;577,26;573,50;569,80;566,15;562,56;559,03;555,55;552,13;548,76;545,50;542,29;539,15;536,07;533,06;530,11;527,22;524,40;521,64;518,95;516,14;513,37;510,63;507,93;505,25;502,61;500,00;497,42;494,88;492,36;489,95;487,58;485,26;482,98;480,74;478,55;476,41;474,31;472,25;470,24;468,39;466,60;464,89;463,24;461,65;460,13;458,68;457,29;455,97;454,72
92;903,96;895,94;887,95;880,00;872,08;864,20;856,35;848,53;840,75;833,00;825,28;817,60;809,96;802,34;794,77;787,22;779,71;772,23;764,79;757,38;750,01;743,31;736,77;730,38;724,14;718,06;712,12;706,34;700,71;695,23;689,90;684,19;678,54;672,94;667,40;661,91;656,48;651,10;645,78;640,51;635,30;630,49;625,80;621,23;616,77;612,44;608,22;604,12;600,14;596,27;592,53;588,57;584,67;580,82;577,04;573,31;569,64;566,02;562,47;558,97;555,53;552,19;548,91;545,70;542,56;539,48;536,46;533,51;530,63;527,81;525,06;522,20;519,37;516,58;513,82;511,09;508,40;505,74;503,12;500,53;497,97;495,52;493,11;490,75;488,43;486,16;483,94;481,76;479,63;477,55;475,51;473,63;471,82;470,08;468,40;466,80;465,26;463,78;462,38;461,04;459,76
93;916,61;908,55;900,53;892,54;884,57;876,64;868,74;860,86;853,02;845,20;837,41;829,66;821,93;814,23;806,56;798,93;791,32;783,74;776,19;768,67;761,18;754,37;747,71;741,20;734,84;728,63;722,57;716,66;710,89;705,27;699,81;693,98;688,20;682,48;676,82;671,21;665,66;660,17;654,73;649,35;644,02;639,10;634,30;629,62;625,07;620,63;616,31;612,11;608,03;604,07;600,24;596,18;592,19;588,26;584,38;580,57;576,82;573,12;569,48;565,91;562,39;558,97;555,62;552,34;549,13;545,98;542,90;539,88;536,93;534,05;531,24;528,32;525,43;522,58;519,77;516,99;514,25;511,54;508,87;506,23;503,63;501,13;498,68;496,28;493,93;491,62;489,36;487,15;484,99;482,88;480,81;478,91;477,07;475,30;473,60;471,97;470,41;468,91;467,48;466,13;464,84
94;929,26;921,18;913,13;905,11;897,11;889,13;881,18;873,26;865,36;857,48;849,64;841,81;834,02;826,24;818,50;810,78;803,08;795,41;787,77;780,15;772,55;765,64;758,86;752,24;745,75;739,41;733,22;727,17;721,26;715,50;709,88;703,93;698,03;692,19;686,41;680,69;675,02;669,41;663,86;658,36;652,92;647,89;642,98;638,19;633,53;628,98;624,56;620,25;616,07;612,01;608,07;603,92;599,84;595,81;591,85;587,95;584,10;580,32;576,61;572,95;569,35;565,86;562,43;559,07;555,78;552,56;549,41;546,32;543,31;540,36;537,48;534,50;531,55;528,64;525,77;522,94;520,14;517,38;514,66;511,98;509,33;506,79;504,29;501,85;499,46;497,12;494,83;492,58;490,39;488,25;486,15;484,22;482,35;480,56;478,83;477,17;475,59;474,07;472,62;471,24;469,94
95;941,93;933,83;925,76;917,71;909,68;901,67;893,68;885,72;877,77;869,85;861,95;854,07;846,21;838,38;830,57;822,77;815,00;807,25;799,53;791,82;784,14;777,12;770,23;763,48;756,88;750,41;744,07;737,88;731,82;725,91;720,13;714,05;708,03;702,07;696,17;690,33;684,54;678,82;673,15;667,55;662,00;656,86;651,83;646,93;642,16;637,50;632,96;628,55;624,26;620,09;616,04;611,79;607,61;603,48;599,43;595,43;591,50;587,63;583,83;580,09;576,41;572,83;569,33;565,89;562,52;559,22;556,00;552,84;549,75;546,73;543,79;540,74;537,73;534,76;531,83;528,94;526,09;523,28;520,50;517,77;515,07;512,49;509,95;507,47;505,04;502,65;500,33;498,05;495,82;493,65;491,52;489,56;487,67;485,84;484,09;482,41;480,80;479,26;477,79;476,39;475,06
96;954,60;946,49;938,41;930,34;922,28;914,25;906,24;898,24;890,26;882,30;874,36;866,43;858,53;850,64;842,77;834,92;827,08;819,27;811,47;803,69;795,93;788,81;781,81;774,95;768,21;761,61;755,13;748,79;742,58;736,49;730,54;724,34;718,20;712,11;706,09;700,14;694,24;688,40;682,63;676,91;671,26;666,00;660,86;655,85;650,95;646,18;641,52;636,99;632,59;628,30;624,13;619,78;615,49;611,27;607,12;603,03;599,01;595,05;591,16;587,33;583,57;579,91;576,32;572,80;569,35;565,97;562,67;559,43;556,27;553,18;550,16;547,05;543,97;540,94;537,95;535,00;532,09;529,22;526,40;523,61;520,87;518,23;515,65;513,12;510,65;508,23;505,86;503,55;501,29;499,08;496,93;494,94;493,01;491,16;489,38;487,67;486,04;484,47;482,98;481,56;480,22
97;967,29;959,17;951,08;943,00;934,93;926,88;918,84;910,82;902,82;894,83;886,85;878,89;870,95;863,02;855,11;847,21;839,32;831,45;823,60;815,76;807,94;800,71;793,60;786,62;779,76;773,02;766,40;759,90;753,52;747,26;741,13;734,80;728,53;722,33;716,19;710,11;704,10;698,16;692,27;686,46;680,70;675,32;670,06;664,93;659,91;655,02;650,24;645,59;641,06;636,65;632,36;627,90;623,50;619,18;614,93;610,74;606,62;602,57;598,59;594,68;590,83;587,08;583,40;579,79;576,26;572,80;569,42;566,10;562,86;559,69;556,60;553,41;550,27;547,17;544,12;541,11;538,14;535,22;532,34;529,50;526,71;524,02;521,40;518,82;516,31;513,85;511,44;509,09;506,80;504,56;502,37;500,34;498,39;496,51;494,70;492,97;491,30;489,72;488,20;486,76;485,40
98;979,98;971,87;963,77;955,69;947,62;939,56;931,51;923,47;915,45;907,44;899,44;891,46;883,49;875,53;867,58;859,64;851,72;843,81;835,91;828,02;820,15;812,82;805,61;798,51;791,52;784,64;777,86;771,20;764,65;758,21;751,88;745,42;739,03;732,71;726,45;720,26;714,14;708,08;702,10;696,17;690,32;684,82;679,44;674,18;669,04;664,02;659,12;654,34;649,67;645,13;640,71;636,14;631,64;627,21;622,85;618,56;614,34;610,20;606,12;602,12;598,19;594,34;590,58;586,88;583,26;579,71;576,24;572,85;569,52;566,27;563,10;559,84;556,63;553,47;550,35;547,27;544,25;541,26;538,33;535,44;532,59;529,86;527,18;524,56;522,00;519,50;517,05;514,67;512,34;510,06;507,85;505,79;503,80;501,89;500,05;498,29;496,60;494,99;493,45;491,99;490,60
99;992,69;984,58;976,49;968,41;960,34;952,28;944,23;936,19;928,16;920,14;912,13;904,13;896,13;888,15;880,18;872,22;864,27;856,33;848,40;840,48;832,57;825,15;817,83;810,61;803,49;796,46;789,54;782,71;775,97;769,34;762,81;756,22;749,70;743,26;736,88;730,58;724,34;718,18;712,09;706,07;700,12;694,50;688,99;683,61;678,34;673,19;668,15;663,23;658,44;653,75;649,19;644,50;639,89;635,35;630,89;626,49;622,18;617,93;613,76;609,67;605,64;601,71;597,84;594,06;590,35;586,71;583,15;579,67;576,26;572,92;569,67;566,34;563,05;559,82;556,63;553,49;550,40;547,36;544,37;541,42;538,52;535,74;533,01;530,35;527,74;525,19;522,71;520,28;517,91;515,60;513,36;511,26;509,24;507,30;505,43;503,64;501,93;500,29;498,73;497,25;495,84
100;1005,40;997,31;989,24;981,17;973,10;965,05;957,00;948,97;940,94;932,91;924,90;916,89;908,90;900,91;892,92;884,95;876,98;869,03;861,08;853,13;845,20;837,69;830,27;822,93;815,67;808,50;801,41;794,41;787,49;780,65;773,90;767,18;760,54;753,97;747,48;741,06;734,72;728,45;722,26;716,14;710,10;704,35;698,72;693,20;687,80;682,51;677,34;672,28;667,34;662,51;657,80;652,99;648,26;643,61;639,04;634,54;630,12;625,77;621,50;617,31;613,20;609,16;605,20;601,32;597,52;593,79;590,14;586,56;583,06;579,64;576,30;572,89;569,53;566,22;562,97;559,76;556,61;553,50;550,45;547,45;544,50;541,66;538,88;536,17;533,52;530,92;528,40;525,93;523,52;521,18;518,90;516,77;514,72;512,74;510,84;509,02;507,28;505,62;504,04;502,53;501,10
101;1018,06;1009,96;1001,85;993,76;985,67;977,58;969,50;961,43;953,36;945,29;937,23;929,18;921,13;913,09;905,05;897,02;888,99;880,97;872,95;864,94;856,94;849,37;841,87;834,47;827,14;819,90;812,74;805,66;798,66;791,75;784,92;778,13;771,41;764,77;758,20;751,71;745,29;738,94;732,67;726,48;720,35;714,49;708,73;703,08;697,54;692,11;686,78;681,56;676,45;671,45;666,56;661,64;656,81;652,06;647,39;642,81;638,32;633,90;629,58;625,33;621,17;617,05;613,01;609,05;605,16;601,34;597,61;593,95;590,36;586,85;583,42;579,93;576,50;573,12;569,79;566,51;563,28;560,11;556,99;553,92;550,90;548,00;545,16;542,38;539,67;537,02;534,43;531,91;529,45;527,05;524,72;522,54;520,44;518,42;516,48;514,62;512,84;511,14;509,51;507,97;506,51
102;1030,73;1022,60;1014,47;1006,35;998,23;990,11;981,99;973,88;965,77;957,66;949,56;941,46;933,36;925,27;917,18;909,09;901,00;892,92;884,84;876,76;868,69;861,05;853,50;846,04;838,65;831,35;824,13;816,99;809,93;802,96;796,07;789,21;782,43;775,72;769,08;762,52;756,03;749,61;743,27;737,00;730,80;724,82;718,94;713,16;707,47;701,89;696,40;691,01;685,72;680,53;675,44;670,42;665,48;660,63;655,88;651,22;646,65;642,18;637,79;633,50;629,30;625,10;620,98;616,93;612,95;609,05;605,23;601,48;597,81;594,21;590,68;587,12;583,60;580,14;576,74;573,38;570,08;566,84;563,64;560,51;557,42;554,45;551,54;548,70;545,92;543,21;540,56;537,98;535,46;533,01;530,62;528,38;526,23;524,17;522,18;520,27;518,45;516,71;515,05;513,47;511,97
103;1043,39;1035,24;1027,08;1018,93;1010,78;1002,63;994,48;986,33;978,18;970,03;961,88;953,74;945,59;937,44;929,30;921,16;913,01;904,87;896,73;888,59;880,45;872,76;865,16;857,64;850,21;842,85;835,59;828,40;821,30;814,28;807,35;800,43;793,59;786,82;780,12;773,50;766,95;760,46;754,05;747,72;741,45;735,35;729,34;723,42;717,59;711,84;706,19;700,62;695,15;689,76;684,46;679,32;674,28;669,34;664,50;659,76;655,13;650,59;646,16;641,82;637,59;633,31;629,10;624,97;620,91;616,92;613,01;609,17;605,40;601,71;598,09;594,44;590,84;587,30;583,82;580,39;577,01;573,69;570,42;567,21;564,05;561,01;558,03;555,12;552,28;549,50;546,79;544,14;541,56;539,04;536,59;534,30;532,10;529,98;527,94;525,99;524,12;522,33;520,63;519,01;517,48
104;1056,05;1047,87;1039,69;1031,51;1023,33;1015,14;1006,96;998,77;990,58;982,39;974,20;966,01;957,81;949,62;941,42;933,22;925,02;916,82;908,62;900,42;892,21;884,48;876,84;869,28;861,80;854,41;847,11;839,89;832,76;825,71;818,75;811,79;804,90;798,08;791,33;784,65;778,04;771,50;765,03;758,63;752,30;746,08;739,94;733,88;727,89;721,98;716,16;710,40;704,73;699,13;693,62;688,36;683,21;678,18;673,25;668,44;663,74;659,14;654,66;650,29;646,04;641,67;637,38;633,16;629,01;624,94;620,93;617,00;613,14;609,35;605,64;601,90;598,22;594,60;591,03;587,52;584,07;580,67;577,32;574,03;570,80;567,68;564,63;561,65;558,74;555,89;553,10;550,39;547,74;545,16;542,64;540,30;538,04;535,86;533,77;531,77;529,85;528,02;526,27;524,61;523,03
105;1068,71;1060,51;1052,30;1044,09;1035,87;1027,65;1019,43;1011,21;1002,98;994,75;986,51;978,27;970,03;961,79;953,54;945,29;937,04;928,78;920,52;912,25;903,99;896,22;888,54;880,95;873,45;866,03;858,70;851,46;844,31;837,25;830,28;823,28;816,35;809,48;802,69;795,96;789,30;782,71;776,18;769,73;763,34;757,00;750,73;744,52;738,38;732,31;726,29;720,35;714,47;708,65;702,90;697,53;692,27;687,14;682,13;677,25;672,48;667,84;663,32;658,92;654,64;650,19;645,82;641,51;637,28;633,11;629,02;624,99;621,03;617,14;613,32;609,50;605,74;602,03;598,38;594,79;591,25;587,77;584,34;580,97;577,66;574,47;571,34;568,28;565,29;562,37;559,52;556,73;554,01;551,36;548,77;546,37;544,05;541,81;539,67;537,61;535,64;533,76;531,96;530,26;528,64
106;1081,37;1073,14;1064,90;1056,66;1048,41;1040,16;1031,90;1023,64;1015,37;1007,10;998,82;990,54;982,25;973,96;965,66;957,36;949,05;940,74;932,42;924,10;915,77;907,97;900,27;892,65;885,13;877,70;870,36;863,11;855,96;848,90;841,93;834,90;827,94;821,04;814,21;807,44;800,74;794,10;787,53;781,02;774,58;768,12;761,72;755,36;749,06;742,81;736,61;730,46;724,36;718,31;712,32;706,82;701,46;696,24;691,15;686,19;681,36;676,67;672,11;667,69;663,40;658,87;654,41;650,02;645,70;641,44;637,25;633,13;629,07;625,08;621,16;617,25;613,39;609,60;605,86;602,18;598,56;594,99;591,49;588,03;584,64;581,37;578,16;575,02;571,95;568,95;566,02;563,16;560,37;557,64;554,98;552,51;550,13;547,84;545,63;543,52;541,49;539,56;537,71;535,96;534,29
107;1094,03;1085,77;1077,50;1069,23;1060,95;1052,66;1044,36;1036,06;1027,76;1019,44;1011,12;1002,80;994,46;986,12;977,78;969,43;961,07;952,70;944,33;935,95;927,57;919,74;912,02;904,39;896,86;889,42;882,09;874,85;867,70;860,66;853,71;846,66;839,67;832,75;825,89;819,09;812,35;805,67;799,06;792,50;786,01;779,44;772,90;766,39;759,93;753,49;747,10;740,74;734,41;728,12;721,86;716,25;710,79;705,47;700,29;695,26;690,38;685,64;681,05;676,61;672,31;667,71;663,17;658,69;654,27;649,92;645,64;641,41;637,26;633,16;629,13;625,13;621,19;617,30;613,48;609,71;606,00;602,34;598,75;595,21;591,73;588,37;585,09;581,87;578,72;575,63;572,62;569,68;566,81;564,01;561,27;558,73;556,28;553,92;551,66;549,48;547,40;545,41;543,52;541,71;540,00
108;1106,69;1098,40;1090,10;1081,79;1073,47;1065,15;1056,82;1048,48;1040,14;1031,78;1023,42;1015,05;1006,67;998,29;989,89;981,49;973,08;964,67;956,24;947,81;939,37;931,53;923,79;916,16;908,63;901,20;893,88;886,66;879,54;872,52;865,61;858,55;851,56;844,61;837,73;830,90;824,14;817,43;810,77;804,18;797,64;790,95;784,27;777,62;770,98;764,36;757,76;751,18;744,61;738,07;731,54;725,81;720,24;714,82;709,57;704,47;699,54;694,76;690,14;685,68;681,38;676,70;672,07;667,51;663,01;658,56;654,18;649,85;645,59;641,39;637,24;633,15;629,12;625,14;621,22;617,36;613,56;609,82;606,13;602,51;598,94;595,49;592,12;588,81;585,58;582,41;579,32;576,29;573,34;570,45;567,64;565,02;562,51;560,08;557,75;555,51;553,37;551,33;549,37;547,51;545,75
109;1119,34;1111,02;1102,69;1094,35;1086,00;1077,64;1069,27;1060,90;1052,51;1044,12;1035,71;1027,30;1018,88;1010,45;1002,01;993,56;985,10;976,63;968,16;959,67;951,18;943,33;935,59;927,96;920,45;913,04;905,74;898,55;891,47;884,50;877,64;870,58;863,58;856,63;849,73;842,89;836,10;829,36;822,68;816,05;809,47;802,66;795,85;789,03;782,22;775,41;768,60;761,79;754,98;748,17;741,36;735,50;729,82;724,31;718,97;713,81;708,83;704,01;699,37;694,91;690,61;685,85;681,14;676,49;671,89;667,35;662,87;658,44;654,07;649,76;645,50;641,31;637,18;633,11;629,10;625,15;621,25;617,42;613,64;609,92;606,26;602,73;599,26;595,87;592,54;589,29;586,11;582,99;579,95;576,98;574,08;571,39;568,80;566,31;563,91;561,61;559,40;557,29;555,28;553,37;551,55
110;1132,00;1123,65;1115,28;1106,91;1098,52;1090,13;1081,72;1073,31;1064,88;1056,45;1048,00;1039,55;1031,08;1022,61;1014,12;1005,63;997,12;988,61;980,08;971,55;963,00;955,15;947,42;939,80;932,30;924,93;917,66;910,52;903,50;896,59;889,80;882,75;875,75;868,80;861,89;855,04;848,23;841,48;834,77;828,11;821,50;814,57;807,61;800,64;793,65;786,64;779,61;772,56;765,49;758,41;751,30;745,32;739,53;733,93;728,51;723,29;718,25;713,41;708,75;704,28;700,00;695,16;690,36;685,62;680,94;676,30;671,72;667,18;662,70;658,28;653,90;649,61;645,39;641,22;637,11;633,06;629,07;625,14;621,27;617,45;613,70;610,07;606,51;603,02;599,61;596,26;592,99;589,78;586,65;583,59;580,60;577,83;575,17;572,60;570,13;567,76;565,49;563,32;561,25;559,27;557,40
111;1144,67;1136,30;1127,92;1119,53;1111,12;1102,70;1094,27;1085,83;1077,36;1068,89;1060,40;1051,90;1043,39;1034,86;1026,32;1017,76;1009,19;1000,61;992,01;983,40;974,78;966,89;959,13;951,48;943,96;936,57;929,29;922,14;915,11;908,20;901,42;894,35;887,33;880,36;873,44;866,57;859,75;852,98;846,25;839,58;832,95;825,91;818,83;811,71;804,55;797,36;790,14;782,88;775,58;768,24;760,87;754,77;748,87;743,17;737,67;732,37;727,27;722,38;717,68;713,19;708,90;703,98;699,11;694,28;689,51;684,79;680,12;675,49;670,92;666,40;661,92;657,55;653,24;648,98;644,79;640,65;636,57;632,55;628,59;624,69;620,85;617,14;613,49;609,92;606,42;602,99;599,64;596,35;593,14;590,00;586,92;584,09;581,35;578,72;576,19;573,76;571,43;569,20;567,07;565,04;563,12
112;1157,33;1148,96;1140,57;1132,16;1123,74;1115,30;1106,84;1098,36;1089,87;1081,35;1072,82;1064,28;1055,71;1047,13;1038,53;1029,91;1021,28;1012,62;1003,95;995,27;986,56;978,63;970,84;963,17;955,62;948,21;940,92;933,76;926,72;919,82;913,04;905,96;898,93;891,95;885,02;878,13;871,30;864,52;857,78;851,10;844,46;837,31;830,10;822,84;815,52;808,15;800,72;793,24;785,71;778,12;770,48;764,26;758,24;752,45;746,86;741,49;736,33;731,39;726,66;722,14;717,84;712,84;707,89;702,98;698,13;693,32;688,56;683,85;679,18;674,56;670,00;665,54;661,13;656,79;652,51;648,28;644,12;640,01;635,96;631,97;628,04;624,24;620,52;616,86;613,27;609,76;606,32;602,95;599,65;596,43;593,28;590,37;587,56;584,86;582,27;579,77;577,38;575,09;572,91;570,83;568,85
113;1170,00;1161,62;1153,23;1144,81;1136,37;1127,90;1119,42;1110,91;1102,38;1093,83;1085,26;1076,67;1068,05;1059,41;1050,75;1042,07;1033,37;1024,65;1015,90;1007,13;998,34;990,38;982,55;974,85;967,28;959,85;952,55;945,38;938,34;931,44;924,67;917,58;910,54;903,55;896,61;889,72;882,88;876,09;869,36;862,67;856,03;848,77;841,43;834,02;826,54;818,99;811,36;803,66;795,89;788,05;780,13;773,78;767,66;761,76;756,10;750,65;745,43;740,44;735,67;731,13;726,82;721,74;716,71;711,73;706,79;701,89;697,04;692,24;687,49;682,78;678,12;673,57;669,08;664,65;660,28;655,96;651,71;647,51;643,38;639,30;635,28;631,39;627,58;623,83;620,16;616,57;613,04;609,59;606,20;602,89;599,66;596,67;593,80;591,03;588,37;585,81;583,36;581,01;578,77;576,63;574,60
114;1182,67;1174,29;1165,89;1157,46;1149,00;1140,52;1132,01;1123,48;1114,92;1106,33;1097,72;1089,08;1080,41;1071,71;1062,99;1054,25;1045,48;1036,68;1027,85;1019,00;1010,12;1002,12;994,25;986,53;978,94;971,49;964,17;957,00;949,96;943,06;936,30;929,20;922,16;915,16;908,22;901,33;894,49;887,71;880,97;874,29;867,66;860,29;852,82;845,27;837,62;829,89;822,06;814,14;806,12;798,02;789,82;783,35;777,12;771,12;765,37;759,85;754,57;749,53;744,73;740,16;735,84;730,69;725,57;720,51;715,49;710,51;705,58;700,69;695,84;691,04;686,28;681,65;677,07;672,55;668,09;663,69;659,35;655,06;650,84;646,67;642,56;638,58;634,68;630,85;627,09;623,41;619,79;616,25;612,78;609,39;606,06;603,01;600,06;597,22;594,49;591,87;589,35;586,94;584,64;582,45;580,37
115;1195,34;1186,96;1178,56;1170,12;1161,65;1153,15;1144,62;1136,06;1127,47;1118,84;1110,19;1101,50;1092,78;1084,03;1075,25;1066,44;1057,59;1048,72;1039,81;1030,87;1021,90;1013,86;1005,96;998,21;990,60;983,13;975,80;968,62;961,58;954,69;947,94;940,84;933,79;926,79;919,85;912,97;906,13;899,35;892,63;885,96;879,34;871,86;864,27;856,58;848,76;840,84;832,81;824,66;816,40;808,03;799,55;792,95;786,61;780,52;774,67;769,08;763,74;758,66;753,82;749,23;744,90;739,67;734,48;729,33;724,23;719,17;714,15;709,17;704,24;699,35;694,50;689,78;685,11;680,51;675,96;671,47;667,03;662,66;658,34;654,08;649,87;645,81;641,82;637,90;634,05;630,28;626,58;622,95;619,39;615,91;612,50;609,37;606,35;603,44;600,64;597,95;595,37;592,90;590,54;588,29;586,15
116;1208,01;1199,64;1191,23;1182,79;1174,31;1165,80;1157,25;1148,66;1140,04;1131,37;1122,68;1113,94;1105,17;1096,36;1087,52;1078,64;1069,72;1060,76;1051,77;1042,74;1033,68;1025,60;1017,67;1009,89;1002,25;994,77;987,43;980,25;973,21;966,32;959,58;952,48;945,43;938,44;931,51;924,63;917,81;911,04;904,33;897,67;891,08;883,50;875,78;867,94;859,96;851,85;843,61;835,24;826,73;818,09;809,32;802,60;796,14;789,95;784,02;778,36;772,96;767,82;762,95;758,34;754,00;748,69;743,43;738,20;733,02;727,87;722,77;717,71;712,68;707,70;702,76;697,95;693,20;688,51;683,87;679,29;674,76;670,30;665,88;661,53;657,24;653,08;649,00;644,99;641,06;637,19;633,40;629,68;626,04;622,46;618,96;615,76;612,66;609,68;606,81;604,05;601,40;598,87;596,45;594,14;591,95
117;1220,68;1212,32;1203,92;1195,47;1186,99;1178,46;1169,89;1161,27;1152,62;1143,92;1135,18;1126,40;1117,58;1108,71;1099,80;1090,85;1081,86;1072,82;1063,74;1054,62;1045,46;1037,34;1029,37;1021,56;1013,91;1006,41;999,06;991,87;984,83;977,95;971,23;964,13;957,09;950,10;943,18;936,31;929,51;922,76;916,07;909,44;902,87;895,19;887,35;879,36;871,22;862,92;854,47;845,87;837,11;828,20;819,13;812,28;805,71;799,42;793,40;787,67;782,21;777,02;772,12;767,49;763,14;757,76;752,41;747,11;741,84;736,62;731,43;726,28;721,17;716,11;711,08;706,18;701,34;696,55;691,83;687,15;682,54;677,98;673,48;669,03;664,64;660,39;656,22;652,12;648,10;644,14;640,26;636,45;632,71;629,05;625,46;622,17;619,00;615,94;613,00;610,17;607,46;604,86;602,38;600,01;597,76
118;1233,35;1225,00;1216,61;1208,16;1199,67;1191,13;1182,54;1173,90;1165,22;1156,49;1147,70;1138,87;1130,00;1121,07;1112,10;1103,07;1094,00;1084,88;1075,72;1066,50;1057,24;1049,08;1041,08;1033,24;1025,56;1018,05;1010,69;1003,50;996,46;989,59;982,88;975,79;968,75;961,78;954,87;948,03;941,24;934,52;927,86;921,26;914,72;906,94;898,98;890,85;882,54;874,05;865,39;856,55;847,54;838,35;828,98;822,01;815,32;808,93;802,83;797,01;791,49;786,26;781,33;776,68;772,32;766,86;761,44;756,06;750,71;745,41;740,14;734,90;729,71;724,55;719,44;714,45;709,52;704,65;699,83;695,07;690,36;685,71;681,11;676,57;672,08;667,75;663,48;659,29;655,17;651,12;647,15;643,25;639,42;635,66;631,98;628,61;625,36;622,23;619,22;616,32;613,54;610,88;608,33;605,90;603,59
119;1246,03;1237,69;1229,30;1220,86;1212,37;1203,81;1195,21;1186,55;1177,84;1169,07;1160,24;1151,37;1142,43;1133,45;1124,41;1115,31;1106,16;1096,96;1087,70;1078,39;1069,02;1060,82;1052,78;1044,92;1037,22;1029,69;1022,32;1015,12;1008,09;1001,23;994,54;987,45;980,43;973,48;966,59;959,76;953,01;946,31;939,69;933,13;926,63;918,75;910,67;902,39;893,91;885,23;876,36;867,28;858,01;848,54;838,87;831,77;824,97;818,48;812,29;806,40;800,82;795,54;790,57;785,90;781,54;776,01;770,51;765,05;759,63;754,24;748,89;743,57;738,29;733,05;727,84;722,77;717,76;712,79;707,88;703,03;698,23;693,48;688,79;684,15;679,57;675,14;670,78;666,50;662,29;658,14;654,08;650,08;646,16;642,30;638,52;635,08;631,75;628,54;625,45;622,49;619,64;616,91;614,30;611,81;609,44
120;1258,70;1250,38;1242,01;1233,57;1225,07;1216,51;1207,89;1199,21;1190,47;1181,66;1172,80;1163,87;1154,89;1145,84;1136,73;1127,56;1118,33;1109,04;1099,69;1090,27;1080,80;1072,56;1064,49;1056,59;1048,87;1041,33;1033,95;1026,75;1019,73;1012,88;1006,20;999,13;992,12;985,19;978,32;971,53;964,80;958,15;951,56;945,05;938,60;930,62;922,42;913,99;905,34;896,47;887,38;878,07;868,54;858,78;848,80;841,57;834,66;828,06;821,78;815,82;810,18;804,86;799,86;795,17;790,80;785,19;779,62;774,08;768,58;763,11;757,68;752,28;746,92;741,59;736,30;731,14;726,04;720,98;715,98;711,04;706,14;701,30;696,52;691,78;687,10;682,58;678,12;673,74;669,44;665,20;661,04;656,94;652,92;648,98;645,10;641,57;638,16;634,88;631,72;628,67;625,76;622,96;620,28;617,73;615,30

